stage_id,stage_nr,variant_name,model_used,model_family,model_role,model_params_json,score_name,score_formula,view,position,rider,team,actual_rank,predicted_rank,score_topk_raw_sum,predicted_rank_bucket,fh_seq_class_label_0_5,is_cumulative_probability_monotonic,ensemble_pred_top10_native_0_5,ensemble_pred_top10_validated_threshold,validated_top10_threshold,p_top5_raw,p_top10_raw,p_top20_raw,actual_top5,actual_top10,actual_top20
tour-de-france_2025_ST12,12,standard,TabPFNClassifier | variant=standard | score=score_topk_raw_sum,TabPFNClassifier,final_standard_model,"{""average_before_softmax"": true, ""balance_probabilities"": true, ""n_estimators"": 4, ""softmax_temperature"": 0.8}",score_topk_raw_sum,p_top5_raw + p_top10_raw + p_top20_raw,predicted_top20_by_score_topk_raw_sum,1,Tadej Pogačar,UAE Team Emirates - XRG,1.0,1,2.877165973186493,top5,top5,False,1,1,2.1,0.9620031714439392,0.9516528844833374,0.9635099172592163,1,1,1
tour-de-france_2025_ST12,12,standard,TabPFNClassifier | variant=standard | score=score_topk_raw_sum,TabPFNClassifier,final_standard_model,"{""average_before_softmax"": true, ""balance_probabilities"": true, ""n_estimators"": 4, ""softmax_temperature"": 0.8}",score_topk_raw_sum,p_top5_raw + p_top10_raw + p_top20_raw,predicted_top20_by_score_topk_raw_sum,2,Jonas Vingegaard,Team Visma | Lease a Bike,2.0,2,2.852355122566223,top5,top5,True,1,1,2.1,0.9292523860931396,0.9415004849433899,0.9816022515296936,1,1,1
tour-de-france_2025_ST12,12,standard,TabPFNClassifier | variant=standard | score=score_topk_raw_sum,TabPFNClassifier,final_standard_model,"{""average_before_softmax"": true, ""balance_probabilities"": true, ""n_estimators"": 4, ""softmax_temperature"": 0.8}",score_topk_raw_sum,p_top5_raw + p_top10_raw + p_top20_raw,predicted_top20_by_score_topk_raw_sum,3,Aleksandr Vlasov,Red Bull - BORA - hansgrohe,34.0,3,2.7876622080802917,top5,top5,True,1,1,2.1,0.854938805103302,0.9547087550163269,0.9780146479606628,0,0,0
tour-de-france_2025_ST12,12,standard,TabPFNClassifier | variant=standard | score=score_topk_raw_sum,TabPFNClassifier,final_standard_model,"{""average_before_softmax"": true, ""balance_probabilities"": true, ""n_estimators"": 4, ""softmax_temperature"": 0.8}",score_topk_raw_sum,p_top5_raw + p_top10_raw + p_top20_raw,predicted_top20_by_score_topk_raw_sum,4,Matteo Jorgenson,Team Visma | Lease a Bike,15.0,4,2.7713640928268433,top5,top5,False,1,1,2.1,0.91847825050354,0.9279902577400208,0.9248955845832825,0,0,1
tour-de-france_2025_ST12,12,standard,TabPFNClassifier | variant=standard | score=score_topk_raw_sum,TabPFNClassifier,final_standard_model,"{""average_before_softmax"": true, ""balance_probabilities"": true, ""n_estimators"": 4, ""softmax_temperature"": 0.8}",score_topk_raw_sum,p_top5_raw + p_top10_raw + p_top20_raw,predicted_top20_by_score_topk_raw_sum,5,Ben O'Connor,Team Jayco AlUla,16.0,5,2.746555805206299,top5,top5,True,1,1,2.1,0.8865274786949158,0.9070685505867004,0.9529597759246826,0,0,1
tour-de-france_2025_ST12,12,standard,TabPFNClassifier | variant=standard | score=score_topk_raw_sum,TabPFNClassifier,final_standard_model,"{""average_before_softmax"": true, ""balance_probabilities"": true, ""n_estimators"": 4, ""softmax_temperature"": 0.8}",score_topk_raw_sum,p_top5_raw + p_top10_raw + p_top20_raw,predicted_top20_by_score_topk_raw_sum,6,Marc Hirschi,Tudor Pro Cycling Team,57.0,6,2.7129055857658386,rank_6_10,top5,False,1,1,2.1,0.921478807926178,0.8896951675415039,0.9017316102981567,0,0,0
tour-de-france_2025_ST12,12,standard,TabPFNClassifier | variant=standard | score=score_topk_raw_sum,TabPFNClassifier,final_standard_model,"{""average_before_softmax"": true, ""balance_probabilities"": true, ""n_estimators"": 4, ""softmax_temperature"": 0.8}",score_topk_raw_sum,p_top5_raw + p_top10_raw + p_top20_raw,predicted_top20_by_score_topk_raw_sum,7,Remco Evenepoel,Soudal Quick-Step,7.0,7,2.692184090614319,rank_6_10,top5,False,1,1,2.1,0.934656023979187,0.8747816681861877,0.8827463984489441,0,1,1
tour-de-france_2025_ST12,12,standard,TabPFNClassifier | variant=standard | score=score_topk_raw_sum,TabPFNClassifier,final_standard_model,"{""average_before_softmax"": true, ""balance_probabilities"": true, ""n_estimators"": 4, ""softmax_temperature"": 0.8}",score_topk_raw_sum,p_top5_raw + p_top10_raw + p_top20_raw,predicted_top20_by_score_topk_raw_sum,8,Adam Yates,UAE Team Emirates - XRG,23.0,8,2.6702133417129517,rank_6_10,top5,True,1,1,2.1,0.8068164587020874,0.9016485214233398,0.9617483615875244,0,0,0
tour-de-france_2025_ST12,12,standard,TabPFNClassifier | variant=standard | score=score_topk_raw_sum,TabPFNClassifier,final_standard_model,"{""average_before_softmax"": true, ""balance_probabilities"": true, ""n_estimators"": 4, ""softmax_temperature"": 0.8}",score_topk_raw_sum,p_top5_raw + p_top10_raw + p_top20_raw,predicted_top20_by_score_topk_raw_sum,9,Carlos Rodríguez,INEOS Grenadiers,22.0,9,2.643870532512665,rank_6_10,top5,True,1,1,2.1,0.7918895483016968,0.889927864074707,0.962053120136261,0,0,0
tour-de-france_2025_ST12,12,standard,TabPFNClassifier | variant=standard | score=score_topk_raw_sum,TabPFNClassifier,final_standard_model,"{""average_before_softmax"": true, ""balance_probabilities"": true, ""n_estimators"": 4, ""softmax_temperature"": 0.8}",score_topk_raw_sum,p_top5_raw + p_top10_raw + p_top20_raw,predicted_top20_by_score_topk_raw_sum,10,Enric Mas,Movistar Team,33.0,10,2.6279916167259216,rank_6_10,top5,True,1,1,2.1,0.7281763553619385,0.9210324883460999,0.9787827730178833,0,0,0
tour-de-france_2025_ST12,12,standard,TabPFNClassifier | variant=standard | score=score_topk_raw_sum,TabPFNClassifier,final_standard_model,"{""average_before_softmax"": true, ""balance_probabilities"": true, ""n_estimators"": 4, ""softmax_temperature"": 0.8}",score_topk_raw_sum,p_top5_raw + p_top10_raw + p_top20_raw,predicted_top20_by_score_topk_raw_sum,11,Mattias Skjelmose,Lidl - Trek,29.0,11,2.354960262775421,rank_11_20,top5,True,1,1,2.1,0.6776804327964783,0.8185559511184692,0.8587238788604736,0,0,0
tour-de-france_2025_ST12,12,standard,TabPFNClassifier | variant=standard | score=score_topk_raw_sum,TabPFNClassifier,final_standard_model,"{""average_before_softmax"": true, ""balance_probabilities"": true, ""n_estimators"": 4, ""softmax_temperature"": 0.8}",score_topk_raw_sum,p_top5_raw + p_top10_raw + p_top20_raw,predicted_top20_by_score_topk_raw_sum,12,Alex Aranburu,Cofidis,114.0,12,2.3375837802886963,rank_11_20,top5,True,1,1,2.1,0.6477848291397095,0.8334873914718628,0.856311559677124,0,0,0
tour-de-france_2025_ST12,12,standard,TabPFNClassifier | variant=standard | score=score_topk_raw_sum,TabPFNClassifier,final_standard_model,"{""average_before_softmax"": true, ""balance_probabilities"": true, ""n_estimators"": 4, ""softmax_temperature"": 0.8}",score_topk_raw_sum,p_top5_raw + p_top10_raw + p_top20_raw,predicted_top20_by_score_topk_raw_sum,13,Magnus Cort,Uno-X Mobility,168.0,13,2.2851449847221375,rank_11_20,top5,False,1,1,2.1,0.6546218395233154,0.821891188621521,0.808631956577301,0,0,0
tour-de-france_2025_ST12,12,standard,TabPFNClassifier | variant=standard | score=score_topk_raw_sum,TabPFNClassifier,final_standard_model,"{""average_before_softmax"": true, ""balance_probabilities"": true, ""n_estimators"": 4, ""softmax_temperature"": 0.8}",score_topk_raw_sum,p_top5_raw + p_top10_raw + p_top20_raw,predicted_top20_by_score_topk_raw_sum,14,Lenny Martinez,Bahrain - Victorious,97.0,14,2.271158277988434,rank_11_20,top5,True,1,1,2.1,0.6968508958816528,0.7212327718734741,0.8530746102333069,0,0,0
tour-de-france_2025_ST12,12,standard,TabPFNClassifier | variant=standard | score=score_topk_raw_sum,TabPFNClassifier,final_standard_model,"{""average_before_softmax"": true, ""balance_probabilities"": true, ""n_estimators"": 4, ""softmax_temperature"": 0.8}",score_topk_raw_sum,p_top5_raw + p_top10_raw + p_top20_raw,predicted_top20_by_score_topk_raw_sum,15,Alex Baudin,EF Education - EasyPost,59.0,15,2.2509384155273438,rank_11_20,top5,False,1,1,2.1,0.7418273687362671,0.7275999188423157,0.781511127948761,0,0,0
tour-de-france_2025_ST12,12,standard,TabPFNClassifier | variant=standard | score=score_topk_raw_sum,TabPFNClassifier,final_standard_model,"{""average_before_softmax"": true, ""balance_probabilities"": true, ""n_estimators"": 4, ""softmax_temperature"": 0.8}",score_topk_raw_sum,p_top5_raw + p_top10_raw + p_top20_raw,predicted_top20_by_score_topk_raw_sum,16,Primož Roglič,Red Bull - BORA - hansgrohe,9.0,16,2.2329508662223816,rank_11_20,top5,True,1,1,2.1,0.7309070825576782,0.7356215119361877,0.7664222717285156,0,1,1
tour-de-france_2025_ST12,12,standard,TabPFNClassifier | variant=standard | score=score_topk_raw_sum,TabPFNClassifier,final_standard_model,"{""average_before_softmax"": true, ""balance_probabilities"": true, ""n_estimators"": 4, ""softmax_temperature"": 0.8}",score_topk_raw_sum,p_top5_raw + p_top10_raw + p_top20_raw,predicted_top20_by_score_topk_raw_sum,17,Tobias Halland Johannessen,Uno-X Mobility,4.0,17,2.126669406890869,rank_11_20,top5,False,1,1,2.1,0.6265654563903809,0.8099761605262756,0.6901277899742126,1,1,1
tour-de-france_2025_ST12,12,standard,TabPFNClassifier | variant=standard | score=score_topk_raw_sum,TabPFNClassifier,final_standard_model,"{""average_before_softmax"": true, ""balance_probabilities"": true, ""n_estimators"": 4, ""softmax_temperature"": 0.8}",score_topk_raw_sum,p_top5_raw + p_top10_raw + p_top20_raw,predicted_top20_by_score_topk_raw_sum,18,Oscar Onley,Team Picnic PostNL,5.0,18,2.0737690329551697,rank_11_20,top5,False,1,0,2.1,0.7063533663749695,0.6278337240219116,0.7395819425582886,1,1,1
tour-de-france_2025_ST12,12,standard,TabPFNClassifier | variant=standard | score=score_topk_raw_sum,TabPFNClassifier,final_standard_model,"{""average_before_softmax"": true, ""balance_probabilities"": true, ""n_estimators"": 4, ""softmax_temperature"": 0.8}",score_topk_raw_sum,p_top5_raw + p_top10_raw + p_top20_raw,predicted_top20_by_score_topk_raw_sum,19,Julian Alaphilippe,Tudor Pro Cycling Team,91.0,19,2.0630396604537964,rank_11_20,top5,True,1,0,2.1,0.6338772773742676,0.7119119167327881,0.7172504663467407,0,0,0
tour-de-france_2025_ST12,12,standard,TabPFNClassifier | variant=standard | score=score_topk_raw_sum,TabPFNClassifier,final_standard_model,"{""average_before_softmax"": true, ""balance_probabilities"": true, ""n_estimators"": 4, ""softmax_temperature"": 0.8}",score_topk_raw_sum,p_top5_raw + p_top10_raw + p_top20_raw,predicted_top20_by_score_topk_raw_sum,20,Santiago Buitrago,Bahrain - Victorious,35.0,20,2.047338545322418,rank_11_20,top5,False,1,0,2.1,0.6574380993843079,0.6130594611167908,0.7768409848213196,0,0,0
tour-de-france_2025_ST12,12,standard,TabPFNClassifier | variant=standard | score=score_topk_raw_sum,TabPFNClassifier,final_standard_model,"{""average_before_softmax"": true, ""balance_probabilities"": true, ""n_estimators"": 4, ""softmax_temperature"": 0.8}",score_topk_raw_sum,p_top5_raw + p_top10_raw + p_top20_raw,actual_top20,1,Tadej Pogačar,UAE Team Emirates - XRG,1.0,1,2.877165973186493,top5,top5,False,1,1,2.1,0.9620031714439392,0.9516528844833374,0.9635099172592163,1,1,1
tour-de-france_2025_ST12,12,standard,TabPFNClassifier | variant=standard | score=score_topk_raw_sum,TabPFNClassifier,final_standard_model,"{""average_before_softmax"": true, ""balance_probabilities"": true, ""n_estimators"": 4, ""softmax_temperature"": 0.8}",score_topk_raw_sum,p_top5_raw + p_top10_raw + p_top20_raw,actual_top20,2,Jonas Vingegaard,Team Visma | Lease a Bike,2.0,2,2.852355122566223,top5,top5,True,1,1,2.1,0.9292523860931396,0.9415004849433899,0.9816022515296936,1,1,1
tour-de-france_2025_ST12,12,standard,TabPFNClassifier | variant=standard | score=score_topk_raw_sum,TabPFNClassifier,final_standard_model,"{""average_before_softmax"": true, ""balance_probabilities"": true, ""n_estimators"": 4, ""softmax_temperature"": 0.8}",score_topk_raw_sum,p_top5_raw + p_top10_raw + p_top20_raw,actual_top20,3,Florian Lipowitz,Red Bull - BORA - hansgrohe,3.0,30,1.6138414442539215,outside_top20,outside_top20,False,1,0,2.1,0.678185760974884,0.48344525694847107,0.4522104263305664,1,1,1
tour-de-france_2025_ST12,12,standard,TabPFNClassifier | variant=standard | score=score_topk_raw_sum,TabPFNClassifier,final_standard_model,"{""average_before_softmax"": true, ""balance_probabilities"": true, ""n_estimators"": 4, ""softmax_temperature"": 0.8}",score_topk_raw_sum,p_top5_raw + p_top10_raw + p_top20_raw,actual_top20,4,Tobias Halland Johannessen,Uno-X Mobility,4.0,17,2.126669406890869,rank_11_20,top5,False,1,1,2.1,0.6265654563903809,0.8099761605262756,0.6901277899742126,1,1,1
tour-de-france_2025_ST12,12,standard,TabPFNClassifier | variant=standard | score=score_topk_raw_sum,TabPFNClassifier,final_standard_model,"{""average_before_softmax"": true, ""balance_probabilities"": true, ""n_estimators"": 4, ""softmax_temperature"": 0.8}",score_topk_raw_sum,p_top5_raw + p_top10_raw + p_top20_raw,actual_top20,5,Oscar Onley,Team Picnic PostNL,5.0,18,2.0737690329551697,rank_11_20,top5,False,1,0,2.1,0.7063533663749695,0.6278337240219116,0.7395819425582886,1,1,1
tour-de-france_2025_ST12,12,standard,TabPFNClassifier | variant=standard | score=score_topk_raw_sum,TabPFNClassifier,final_standard_model,"{""average_before_softmax"": true, ""balance_probabilities"": true, ""n_estimators"": 4, ""softmax_temperature"": 0.8}",score_topk_raw_sum,p_top5_raw + p_top10_raw + p_top20_raw,actual_top20,6,Kévin Vauquelin,Arkéa - B&B Hotels,6.0,126,0.20930571667850018,outside_top20,outside_top20,False,0,0,2.1,0.11371631920337677,0.0765732005238533,0.019016196951270103,0,1,1
tour-de-france_2025_ST12,12,standard,TabPFNClassifier | variant=standard | score=score_topk_raw_sum,TabPFNClassifier,final_standard_model,"{""average_before_softmax"": true, ""balance_probabilities"": true, ""n_estimators"": 4, ""softmax_temperature"": 0.8}",score_topk_raw_sum,p_top5_raw + p_top10_raw + p_top20_raw,actual_top20,7,Remco Evenepoel,Soudal Quick-Step,7.0,7,2.692184090614319,rank_6_10,top5,False,1,1,2.1,0.934656023979187,0.8747816681861877,0.8827463984489441,0,1,1
tour-de-france_2025_ST12,12,standard,TabPFNClassifier | variant=standard | score=score_topk_raw_sum,TabPFNClassifier,final_standard_model,"{""average_before_softmax"": true, ""balance_probabilities"": true, ""n_estimators"": 4, ""softmax_temperature"": 0.8}",score_topk_raw_sum,p_top5_raw + p_top10_raw + p_top20_raw,actual_top20,8,Felix Gall,Decathlon AG2R La Mondiale Team,8.0,51,1.083440750837326,outside_top20,outside_top20,False,1,0,2.1,0.36474213004112244,0.34836849570274353,0.3703301250934601,0,1,1
tour-de-france_2025_ST12,12,standard,TabPFNClassifier | variant=standard | score=score_topk_raw_sum,TabPFNClassifier,final_standard_model,"{""average_before_softmax"": true, ""balance_probabilities"": true, ""n_estimators"": 4, ""softmax_temperature"": 0.8}",score_topk_raw_sum,p_top5_raw + p_top10_raw + p_top20_raw,actual_top20,9,Primož Roglič,Red Bull - BORA - hansgrohe,9.0,16,2.2329508662223816,rank_11_20,top5,True,1,1,2.1,0.7309070825576782,0.7356215119361877,0.7664222717285156,0,1,1
tour-de-france_2025_ST12,12,standard,TabPFNClassifier | variant=standard | score=score_topk_raw_sum,TabPFNClassifier,final_standard_model,"{""average_before_softmax"": true, ""balance_probabilities"": true, ""n_estimators"": 4, ""softmax_temperature"": 0.8}",score_topk_raw_sum,p_top5_raw + p_top10_raw + p_top20_raw,actual_top20,10,Cristián Rodríguez,Arkéa - B&B Hotels,10.0,45,1.1234553456306458,outside_top20,outside_top20,True,1,0,2.1,0.25707659125328064,0.39328816533088684,0.47309058904647827,0,1,1
tour-de-france_2025_ST12,12,standard,TabPFNClassifier | variant=standard | score=score_topk_raw_sum,TabPFNClassifier,final_standard_model,"{""average_before_softmax"": true, ""balance_probabilities"": true, ""n_estimators"": 4, ""softmax_temperature"": 0.8}",score_topk_raw_sum,p_top5_raw + p_top10_raw + p_top20_raw,actual_top20,11,Einer Rubio,Movistar Team,11.0,54,1.0643499493598938,outside_top20,outside_top20,False,1,0,2.1,0.38849085569381714,0.3901466429233551,0.28571245074272156,0,0,1
tour-de-france_2025_ST12,12,standard,TabPFNClassifier | variant=standard | score=score_topk_raw_sum,TabPFNClassifier,final_standard_model,"{""average_before_softmax"": true, ""balance_probabilities"": true, ""n_estimators"": 4, ""softmax_temperature"": 0.8}",score_topk_raw_sum,p_top5_raw + p_top10_raw + p_top20_raw,actual_top20,12,Raúl García Pierna,Arkéa - B&B Hotels,12.0,138,0.16750966757535934,outside_top20,outside_top20,True,0,0,2.1,0.03812139853835106,0.05050412937998772,0.07888413965702057,0,0,1
tour-de-france_2025_ST12,12,standard,TabPFNClassifier | variant=standard | score=score_topk_raw_sum,TabPFNClassifier,final_standard_model,"{""average_before_softmax"": true, ""balance_probabilities"": true, ""n_estimators"": 4, ""softmax_temperature"": 0.8}",score_topk_raw_sum,p_top5_raw + p_top10_raw + p_top20_raw,actual_top20,13,Guillaume Martin,Groupama - FDJ,13.0,37,1.3996285200119019,outside_top20,rank_11_20,True,1,0,2.1,0.3271249532699585,0.46144920587539673,0.6110543608665466,0,0,1
tour-de-france_2025_ST12,12,standard,TabPFNClassifier | variant=standard | score=score_topk_raw_sum,TabPFNClassifier,final_standard_model,"{""average_before_softmax"": true, ""balance_probabilities"": true, ""n_estimators"": 4, ""softmax_temperature"": 0.8}",score_topk_raw_sum,p_top5_raw + p_top10_raw + p_top20_raw,actual_top20,14,Sergio Higuita,XDS Astana Team,14.0,100,0.3878270983695984,outside_top20,outside_top20,False,0,0,2.1,0.14196354150772095,0.16029541194438934,0.0855681449174881,0,0,1
tour-de-france_2025_ST12,12,standard,TabPFNClassifier | variant=standard | score=score_topk_raw_sum,TabPFNClassifier,final_standard_model,"{""average_before_softmax"": true, ""balance_probabilities"": true, ""n_estimators"": 4, ""softmax_temperature"": 0.8}",score_topk_raw_sum,p_top5_raw + p_top10_raw + p_top20_raw,actual_top20,15,Matteo Jorgenson,Team Visma | Lease a Bike,15.0,4,2.7713640928268433,top5,top5,False,1,1,2.1,0.91847825050354,0.9279902577400208,0.9248955845832825,0,0,1
tour-de-france_2025_ST12,12,standard,TabPFNClassifier | variant=standard | score=score_topk_raw_sum,TabPFNClassifier,final_standard_model,"{""average_before_softmax"": true, ""balance_probabilities"": true, ""n_estimators"": 4, ""softmax_temperature"": 0.8}",score_topk_raw_sum,p_top5_raw + p_top10_raw + p_top20_raw,actual_top20,16,Ben O'Connor,Team Jayco AlUla,16.0,5,2.746555805206299,top5,top5,True,1,1,2.1,0.8865274786949158,0.9070685505867004,0.9529597759246826,0,0,1
tour-de-france_2025_ST12,12,standard,TabPFNClassifier | variant=standard | score=score_topk_raw_sum,TabPFNClassifier,final_standard_model,"{""average_before_softmax"": true, ""balance_probabilities"": true, ""n_estimators"": 4, ""softmax_temperature"": 0.8}",score_topk_raw_sum,p_top5_raw + p_top10_raw + p_top20_raw,actual_top20,17,Bruno Armirail,Decathlon AG2R La Mondiale Team,17.0,76,0.6977881118655205,outside_top20,outside_top20,True,1,0,2.1,0.08583710342645645,0.24405311048030853,0.3678978979587555,0,0,1
tour-de-france_2025_ST12,12,standard,TabPFNClassifier | variant=standard | score=score_topk_raw_sum,TabPFNClassifier,final_standard_model,"{""average_before_softmax"": true, ""balance_probabilities"": true, ""n_estimators"": 4, ""softmax_temperature"": 0.8}",score_topk_raw_sum,p_top5_raw + p_top10_raw + p_top20_raw,actual_top20,18,Jhonatan Narváez,UAE Team Emirates - XRG,18.0,26,1.672055721282959,outside_top20,rank_11_20,False,1,0,2.1,0.5753059983253479,0.49517977237701416,0.6015699505805969,0,0,1
tour-de-france_2025_ST12,12,standard,TabPFNClassifier | variant=standard | score=score_topk_raw_sum,TabPFNClassifier,final_standard_model,"{""average_before_softmax"": true, ""balance_probabilities"": true, ""n_estimators"": 4, ""softmax_temperature"": 0.8}",score_topk_raw_sum,p_top5_raw + p_top10_raw + p_top20_raw,actual_top20,19,Jordan Jegat,TotalEnergies,19.0,29,1.6373792886734009,outside_top20,rank_6_10,True,1,0,2.1,0.44909268617630005,0.5835210084915161,0.6047655940055847,0,0,1
tour-de-france_2025_ST12,12,standard,TabPFNClassifier | variant=standard | score=score_topk_raw_sum,TabPFNClassifier,final_standard_model,"{""average_before_softmax"": true, ""balance_probabilities"": true, ""n_estimators"": 4, ""softmax_temperature"": 0.8}",score_topk_raw_sum,p_top5_raw + p_top10_raw + p_top20_raw,actual_top20,20,Aurélien Paret-Peintre,Decathlon AG2R La Mondiale Team,20.0,53,1.0719069093465805,outside_top20,rank_11_20,False,1,0,2.1,0.24761691689491272,0.23728825151920319,0.5870017409324646,0,0,1
tour-de-france_2025_ST16,16,standard,TabPFNClassifier | variant=standard | score=score_topk_raw_sum,TabPFNClassifier,final_standard_model,"{""average_before_softmax"": true, ""balance_probabilities"": true, ""n_estimators"": 4, ""softmax_temperature"": 0.8}",score_topk_raw_sum,p_top5_raw + p_top10_raw + p_top20_raw,predicted_top20_by_score_topk_raw_sum,1,Tadej Pogačar,UAE Team Emirates - XRG,5.0,1,2.903373420238495,top5,top5,False,1,1,2.1,0.9697242975234985,0.9628577828407288,0.9707913398742676,1,1,1
tour-de-france_2025_ST16,16,standard,TabPFNClassifier | variant=standard | score=score_topk_raw_sum,TabPFNClassifier,final_standard_model,"{""average_before_softmax"": true, ""balance_probabilities"": true, ""n_estimators"": 4, ""softmax_temperature"": 0.8}",score_topk_raw_sum,p_top5_raw + p_top10_raw + p_top20_raw,predicted_top20_by_score_topk_raw_sum,2,Jonas Vingegaard,Team Visma | Lease a Bike,6.0,2,2.854188323020935,top5,top5,True,1,1,2.1,0.9260169863700867,0.9461898803710938,0.9819814562797546,0,1,1
tour-de-france_2025_ST16,16,standard,TabPFNClassifier | variant=standard | score=score_topk_raw_sum,TabPFNClassifier,final_standard_model,"{""average_before_softmax"": true, ""balance_probabilities"": true, ""n_estimators"": 4, ""softmax_temperature"": 0.8}",score_topk_raw_sum,p_top5_raw + p_top10_raw + p_top20_raw,predicted_top20_by_score_topk_raw_sum,3,Aleksandr Vlasov,Red Bull - BORA - hansgrohe,49.0,3,2.8449057936668396,top5,top5,True,1,1,2.1,0.8858686089515686,0.9735780954360962,0.9854590892791748,0,0,0
tour-de-france_2025_ST16,16,standard,TabPFNClassifier | variant=standard | score=score_topk_raw_sum,TabPFNClassifier,final_standard_model,"{""average_before_softmax"": true, ""balance_probabilities"": true, ""n_estimators"": 4, ""softmax_temperature"": 0.8}",score_topk_raw_sum,p_top5_raw + p_top10_raw + p_top20_raw,predicted_top20_by_score_topk_raw_sum,4,Matteo Jorgenson,Team Visma | Lease a Bike,115.0,4,2.7954282760620117,top5,top5,True,1,1,2.1,0.9212401509284973,0.9363312125205994,0.937856912612915,0,0,0
tour-de-france_2025_ST16,16,standard,TabPFNClassifier | variant=standard | score=score_topk_raw_sum,TabPFNClassifier,final_standard_model,"{""average_before_softmax"": true, ""balance_probabilities"": true, ""n_estimators"": 4, ""softmax_temperature"": 0.8}",score_topk_raw_sum,p_top5_raw + p_top10_raw + p_top20_raw,predicted_top20_by_score_topk_raw_sum,5,Marc Hirschi,Tudor Pro Cycling Team,83.0,5,2.758875787258148,top5,top5,False,1,1,2.1,0.9338393807411194,0.9059763550758362,0.9190600514411926,0,0,0
tour-de-france_2025_ST16,16,standard,TabPFNClassifier | variant=standard | score=score_topk_raw_sum,TabPFNClassifier,final_standard_model,"{""average_before_softmax"": true, ""balance_probabilities"": true, ""n_estimators"": 4, ""softmax_temperature"": 0.8}",score_topk_raw_sum,p_top5_raw + p_top10_raw + p_top20_raw,predicted_top20_by_score_topk_raw_sum,6,Adam Yates,UAE Team Emirates - XRG,18.0,6,2.7317190766334534,rank_6_10,top5,True,1,1,2.1,0.8362963795661926,0.9222959876060486,0.9731267094612122,0,0,1
tour-de-france_2025_ST16,16,standard,TabPFNClassifier | variant=standard | score=score_topk_raw_sum,TabPFNClassifier,final_standard_model,"{""average_before_softmax"": true, ""balance_probabilities"": true, ""n_estimators"": 4, ""softmax_temperature"": 0.8}",score_topk_raw_sum,p_top5_raw + p_top10_raw + p_top20_raw,predicted_top20_by_score_topk_raw_sum,7,Ben O'Connor,Team Jayco AlUla,32.0,7,2.7122820019721985,rank_6_10,top5,True,1,1,2.1,0.8728082180023193,0.8990141749382019,0.9404596090316772,0,0,0
tour-de-france_2025_ST16,16,standard,TabPFNClassifier | variant=standard | score=score_topk_raw_sum,TabPFNClassifier,final_standard_model,"{""average_before_softmax"": true, ""balance_probabilities"": true, ""n_estimators"": 4, ""softmax_temperature"": 0.8}",score_topk_raw_sum,p_top5_raw + p_top10_raw + p_top20_raw,predicted_top20_by_score_topk_raw_sum,8,Enric Mas,Movistar Team,7.0,8,2.693327486515045,rank_6_10,top5,True,1,1,2.1,0.7688685059547424,0.9405014514923096,0.9839575290679932,0,1,1
tour-de-france_2025_ST16,16,standard,TabPFNClassifier | variant=standard | score=score_topk_raw_sum,TabPFNClassifier,final_standard_model,"{""average_before_softmax"": true, ""balance_probabilities"": true, ""n_estimators"": 4, ""softmax_temperature"": 0.8}",score_topk_raw_sum,p_top5_raw + p_top10_raw + p_top20_raw,predicted_top20_by_score_topk_raw_sum,9,Carlos Rodríguez,INEOS Grenadiers,15.0,9,2.660356819629669,rank_6_10,top5,True,1,1,2.1,0.7938796281814575,0.8933056592941284,0.9731715321540833,0,0,1
tour-de-france_2025_ST16,16,standard,TabPFNClassifier | variant=standard | score=score_topk_raw_sum,TabPFNClassifier,final_standard_model,"{""average_before_softmax"": true, ""balance_probabilities"": true, ""n_estimators"": 4, ""softmax_temperature"": 0.8}",score_topk_raw_sum,p_top5_raw + p_top10_raw + p_top20_raw,predicted_top20_by_score_topk_raw_sum,10,Magnus Cort,Uno-X Mobility,138.0,10,2.396207094192505,rank_6_10,top5,True,1,1,2.1,0.6844953298568726,0.8537118434906006,0.8579999208450317,0,0,0
tour-de-france_2025_ST16,16,standard,TabPFNClassifier | variant=standard | score=score_topk_raw_sum,TabPFNClassifier,final_standard_model,"{""average_before_softmax"": true, ""balance_probabilities"": true, ""n_estimators"": 4, ""softmax_temperature"": 0.8}",score_topk_raw_sum,p_top5_raw + p_top10_raw + p_top20_raw,predicted_top20_by_score_topk_raw_sum,11,Alex Aranburu,Cofidis,16.0,11,2.3302429914474487,rank_11_20,top5,False,1,1,2.1,0.6804255843162537,0.8554693460464478,0.7943480610847473,0,0,1
tour-de-france_2025_ST16,16,standard,TabPFNClassifier | variant=standard | score=score_topk_raw_sum,TabPFNClassifier,final_standard_model,"{""average_before_softmax"": true, ""balance_probabilities"": true, ""n_estimators"": 4, ""softmax_temperature"": 0.8}",score_topk_raw_sum,p_top5_raw + p_top10_raw + p_top20_raw,predicted_top20_by_score_topk_raw_sum,12,Primož Roglič,Red Bull - BORA - hansgrohe,9.0,12,2.3153237104415894,rank_11_20,top5,False,1,1,2.1,0.770820140838623,0.7704386115074158,0.7740649580955505,0,1,1
tour-de-france_2025_ST16,16,standard,TabPFNClassifier | variant=standard | score=score_topk_raw_sum,TabPFNClassifier,final_standard_model,"{""average_before_softmax"": true, ""balance_probabilities"": true, ""n_estimators"": 4, ""softmax_temperature"": 0.8}",score_topk_raw_sum,p_top5_raw + p_top10_raw + p_top20_raw,predicted_top20_by_score_topk_raw_sum,13,Santiago Buitrago,Bahrain - Victorious,3.0,13,2.3020678758621216,rank_11_20,top5,True,1,1,2.1,0.7154968976974487,0.7163653373718262,0.8702056407928467,1,1,1
tour-de-france_2025_ST16,16,standard,TabPFNClassifier | variant=standard | score=score_topk_raw_sum,TabPFNClassifier,final_standard_model,"{""average_before_softmax"": true, ""balance_probabilities"": true, ""n_estimators"": 4, ""softmax_temperature"": 0.8}",score_topk_raw_sum,p_top5_raw + p_top10_raw + p_top20_raw,predicted_top20_by_score_topk_raw_sum,14,Alex Baudin,EF Education - EasyPost,57.0,14,2.286100924015045,rank_11_20,top5,False,1,1,2.1,0.7542476058006287,0.7381654381752014,0.7936878800392151,0,0,0
tour-de-france_2025_ST16,16,standard,TabPFNClassifier | variant=standard | score=score_topk_raw_sum,TabPFNClassifier,final_standard_model,"{""average_before_softmax"": true, ""balance_probabilities"": true, ""n_estimators"": 4, ""softmax_temperature"": 0.8}",score_topk_raw_sum,p_top5_raw + p_top10_raw + p_top20_raw,predicted_top20_by_score_topk_raw_sum,15,Lenny Martinez,Bahrain - Victorious,122.0,15,2.2331573963165283,rank_11_20,top5,True,1,1,2.1,0.6759164929389954,0.699969470500946,0.8572714328765869,0,0,0
tour-de-france_2025_ST16,16,standard,TabPFNClassifier | variant=standard | score=score_topk_raw_sum,TabPFNClassifier,final_standard_model,"{""average_before_softmax"": true, ""balance_probabilities"": true, ""n_estimators"": 4, ""softmax_temperature"": 0.8}",score_topk_raw_sum,p_top5_raw + p_top10_raw + p_top20_raw,predicted_top20_by_score_topk_raw_sum,16,Tobias Halland Johannessen,Uno-X Mobility,28.0,16,2.177519977092743,rank_11_20,top5,False,1,1,2.1,0.622553288936615,0.8257005214691162,0.7292661666870117,0,0,0
tour-de-france_2025_ST16,16,standard,TabPFNClassifier | variant=standard | score=score_topk_raw_sum,TabPFNClassifier,final_standard_model,"{""average_before_softmax"": true, ""balance_probabilities"": true, ""n_estimators"": 4, ""softmax_temperature"": 0.8}",score_topk_raw_sum,p_top5_raw + p_top10_raw + p_top20_raw,predicted_top20_by_score_topk_raw_sum,17,Julian Alaphilippe,Tudor Pro Cycling Team,8.0,17,2.1662482619285583,rank_11_20,top5,False,1,1,2.1,0.6722678542137146,0.7490665912628174,0.7449138164520264,0,1,1
tour-de-france_2025_ST16,16,standard,TabPFNClassifier | variant=standard | score=score_topk_raw_sum,TabPFNClassifier,final_standard_model,"{""average_before_softmax"": true, ""balance_probabilities"": true, ""n_estimators"": 4, ""softmax_temperature"": 0.8}",score_topk_raw_sum,p_top5_raw + p_top10_raw + p_top20_raw,predicted_top20_by_score_topk_raw_sum,18,Oscar Onley,Team Picnic PostNL,14.0,18,2.0990670919418335,rank_11_20,top5,False,1,0,2.1,0.7094719409942627,0.6405776739120483,0.7490174770355225,0,0,1
tour-de-france_2025_ST16,16,standard,TabPFNClassifier | variant=standard | score=score_topk_raw_sum,TabPFNClassifier,final_standard_model,"{""average_before_softmax"": true, ""balance_probabilities"": true, ""n_estimators"": 4, ""softmax_temperature"": 0.8}",score_topk_raw_sum,p_top5_raw + p_top10_raw + p_top20_raw,predicted_top20_by_score_topk_raw_sum,19,Jenno Berckmoes,Lotto,82.0,19,2.0476421117782593,rank_11_20,top5,True,1,0,2.1,0.6060854196548462,0.7038453817367554,0.7377113103866577,0,0,0
tour-de-france_2025_ST16,16,standard,TabPFNClassifier | variant=standard | score=score_topk_raw_sum,TabPFNClassifier,final_standard_model,"{""average_before_softmax"": true, ""balance_probabilities"": true, ""n_estimators"": 4, ""softmax_temperature"": 0.8}",score_topk_raw_sum,p_top5_raw + p_top10_raw + p_top20_raw,predicted_top20_by_score_topk_raw_sum,20,Biniam Girmay,Intermarché - Wanty,158.0,20,1.9874763488769531,rank_11_20,outside_top20,False,1,0,2.1,0.8715870976448059,0.7141121625900269,0.40177708864212036,0,0,0
tour-de-france_2025_ST16,16,standard,TabPFNClassifier | variant=standard | score=score_topk_raw_sum,TabPFNClassifier,final_standard_model,"{""average_before_softmax"": true, ""balance_probabilities"": true, ""n_estimators"": 4, ""softmax_temperature"": 0.8}",score_topk_raw_sum,p_top5_raw + p_top10_raw + p_top20_raw,actual_top20,1,Valentin Paret-Peintre,Soudal Quick-Step,1.0,23,1.7891893088817596,outside_top20,rank_6_10,True,1,0,2.1,0.4801829159259796,0.5531267523765564,0.7558796405792236,1,1,1
tour-de-france_2025_ST16,16,standard,TabPFNClassifier | variant=standard | score=score_topk_raw_sum,TabPFNClassifier,final_standard_model,"{""average_before_softmax"": true, ""balance_probabilities"": true, ""n_estimators"": 4, ""softmax_temperature"": 0.8}",score_topk_raw_sum,p_top5_raw + p_top10_raw + p_top20_raw,actual_top20,2,Ben Healy,EF Education - EasyPost,2.0,77,0.6212341040372849,outside_top20,outside_top20,False,1,0,2.1,0.23770684003829956,0.1399635374546051,0.2435637265443802,1,1,1
tour-de-france_2025_ST16,16,standard,TabPFNClassifier | variant=standard | score=score_topk_raw_sum,TabPFNClassifier,final_standard_model,"{""average_before_softmax"": true, ""balance_probabilities"": true, ""n_estimators"": 4, ""softmax_temperature"": 0.8}",score_topk_raw_sum,p_top5_raw + p_top10_raw + p_top20_raw,actual_top20,3,Santiago Buitrago,Bahrain - Victorious,3.0,13,2.3020678758621216,rank_11_20,top5,True,1,1,2.1,0.7154968976974487,0.7163653373718262,0.8702056407928467,1,1,1
tour-de-france_2025_ST16,16,standard,TabPFNClassifier | variant=standard | score=score_topk_raw_sum,TabPFNClassifier,final_standard_model,"{""average_before_softmax"": true, ""balance_probabilities"": true, ""n_estimators"": 4, ""softmax_temperature"": 0.8}",score_topk_raw_sum,p_top5_raw + p_top10_raw + p_top20_raw,actual_top20,4,Ilan Van Wilder,Soudal Quick-Step,4.0,28,1.5700304210186005,outside_top20,outside_top20,False,1,0,2.1,0.6040499210357666,0.6022185683250427,0.36376193165779114,1,1,1
tour-de-france_2025_ST16,16,standard,TabPFNClassifier | variant=standard | score=score_topk_raw_sum,TabPFNClassifier,final_standard_model,"{""average_before_softmax"": true, ""balance_probabilities"": true, ""n_estimators"": 4, ""softmax_temperature"": 0.8}",score_topk_raw_sum,p_top5_raw + p_top10_raw + p_top20_raw,actual_top20,5,Tadej Pogačar,UAE Team Emirates - XRG,5.0,1,2.903373420238495,top5,top5,False,1,1,2.1,0.9697242975234985,0.9628577828407288,0.9707913398742676,1,1,1
tour-de-france_2025_ST16,16,standard,TabPFNClassifier | variant=standard | score=score_topk_raw_sum,TabPFNClassifier,final_standard_model,"{""average_before_softmax"": true, ""balance_probabilities"": true, ""n_estimators"": 4, ""softmax_temperature"": 0.8}",score_topk_raw_sum,p_top5_raw + p_top10_raw + p_top20_raw,actual_top20,6,Jonas Vingegaard,Team Visma | Lease a Bike,6.0,2,2.854188323020935,top5,top5,True,1,1,2.1,0.9260169863700867,0.9461898803710938,0.9819814562797546,0,1,1
tour-de-france_2025_ST16,16,standard,TabPFNClassifier | variant=standard | score=score_topk_raw_sum,TabPFNClassifier,final_standard_model,"{""average_before_softmax"": true, ""balance_probabilities"": true, ""n_estimators"": 4, ""softmax_temperature"": 0.8}",score_topk_raw_sum,p_top5_raw + p_top10_raw + p_top20_raw,actual_top20,7,Enric Mas,Movistar Team,7.0,8,2.693327486515045,rank_6_10,top5,True,1,1,2.1,0.7688685059547424,0.9405014514923096,0.9839575290679932,0,1,1
tour-de-france_2025_ST16,16,standard,TabPFNClassifier | variant=standard | score=score_topk_raw_sum,TabPFNClassifier,final_standard_model,"{""average_before_softmax"": true, ""balance_probabilities"": true, ""n_estimators"": 4, ""softmax_temperature"": 0.8}",score_topk_raw_sum,p_top5_raw + p_top10_raw + p_top20_raw,actual_top20,8,Julian Alaphilippe,Tudor Pro Cycling Team,8.0,17,2.1662482619285583,rank_11_20,top5,False,1,1,2.1,0.6722678542137146,0.7490665912628174,0.7449138164520264,0,1,1
tour-de-france_2025_ST16,16,standard,TabPFNClassifier | variant=standard | score=score_topk_raw_sum,TabPFNClassifier,final_standard_model,"{""average_before_softmax"": true, ""balance_probabilities"": true, ""n_estimators"": 4, ""softmax_temperature"": 0.8}",score_topk_raw_sum,p_top5_raw + p_top10_raw + p_top20_raw,actual_top20,9,Primož Roglič,Red Bull - BORA - hansgrohe,9.0,12,2.3153237104415894,rank_11_20,top5,False,1,1,2.1,0.770820140838623,0.7704386115074158,0.7740649580955505,0,1,1
tour-de-france_2025_ST16,16,standard,TabPFNClassifier | variant=standard | score=score_topk_raw_sum,TabPFNClassifier,final_standard_model,"{""average_before_softmax"": true, ""balance_probabilities"": true, ""n_estimators"": 4, ""softmax_temperature"": 0.8}",score_topk_raw_sum,p_top5_raw + p_top10_raw + p_top20_raw,actual_top20,10,Florian Lipowitz,Red Bull - BORA - hansgrohe,10.0,21,1.9004135131835938,outside_top20,top5,False,1,0,2.1,0.7685976028442383,0.6170241832733154,0.51479172706604,0,1,1
tour-de-france_2025_ST16,16,standard,TabPFNClassifier | variant=standard | score=score_topk_raw_sum,TabPFNClassifier,final_standard_model,"{""average_before_softmax"": true, ""balance_probabilities"": true, ""n_estimators"": 4, ""softmax_temperature"": 0.8}",score_topk_raw_sum,p_top5_raw + p_top10_raw + p_top20_raw,actual_top20,11,Gregor Mühlberger,Movistar Team,11.0,95,0.3606932610273361,outside_top20,outside_top20,False,0,0,2.1,0.09094277024269104,0.13836243748664856,0.13138805329799652,0,0,1
tour-de-france_2025_ST16,16,standard,TabPFNClassifier | variant=standard | score=score_topk_raw_sum,TabPFNClassifier,final_standard_model,"{""average_before_softmax"": true, ""balance_probabilities"": true, ""n_estimators"": 4, ""softmax_temperature"": 0.8}",score_topk_raw_sum,p_top5_raw + p_top10_raw + p_top20_raw,actual_top20,12,Thymen Arensman,INEOS Grenadiers,12.0,38,1.298089623451233,outside_top20,rank_11_20,True,1,0,2.1,0.37753036618232727,0.41271165013313293,0.5078476071357727,0,0,1
tour-de-france_2025_ST16,16,standard,TabPFNClassifier | variant=standard | score=score_topk_raw_sum,TabPFNClassifier,final_standard_model,"{""average_before_softmax"": true, ""balance_probabilities"": true, ""n_estimators"": 4, ""softmax_temperature"": 0.8}",score_topk_raw_sum,p_top5_raw + p_top10_raw + p_top20_raw,actual_top20,13,Xandro Meurisse,Alpecin - Deceuninck,13.0,45,1.1413388550281525,outside_top20,outside_top20,False,1,0,2.1,0.2624119520187378,0.46657297015190125,0.4123539328575134,0,0,1
tour-de-france_2025_ST16,16,standard,TabPFNClassifier | variant=standard | score=score_topk_raw_sum,TabPFNClassifier,final_standard_model,"{""average_before_softmax"": true, ""balance_probabilities"": true, ""n_estimators"": 4, ""softmax_temperature"": 0.8}",score_topk_raw_sum,p_top5_raw + p_top10_raw + p_top20_raw,actual_top20,14,Oscar Onley,Team Picnic PostNL,14.0,18,2.0990670919418335,rank_11_20,top5,False,1,0,2.1,0.7094719409942627,0.6405776739120483,0.7490174770355225,0,0,1
tour-de-france_2025_ST16,16,standard,TabPFNClassifier | variant=standard | score=score_topk_raw_sum,TabPFNClassifier,final_standard_model,"{""average_before_softmax"": true, ""balance_probabilities"": true, ""n_estimators"": 4, ""softmax_temperature"": 0.8}",score_topk_raw_sum,p_top5_raw + p_top10_raw + p_top20_raw,actual_top20,15,Carlos Rodríguez,INEOS Grenadiers,15.0,9,2.660356819629669,rank_6_10,top5,True,1,1,2.1,0.7938796281814575,0.8933056592941284,0.9731715321540833,0,0,1
tour-de-france_2025_ST16,16,standard,TabPFNClassifier | variant=standard | score=score_topk_raw_sum,TabPFNClassifier,final_standard_model,"{""average_before_softmax"": true, ""balance_probabilities"": true, ""n_estimators"": 4, ""softmax_temperature"": 0.8}",score_topk_raw_sum,p_top5_raw + p_top10_raw + p_top20_raw,actual_top20,16,Alex Aranburu,Cofidis,16.0,11,2.3302429914474487,rank_11_20,top5,False,1,1,2.1,0.6804255843162537,0.8554693460464478,0.7943480610847473,0,0,1
tour-de-france_2025_ST16,16,standard,TabPFNClassifier | variant=standard | score=score_topk_raw_sum,TabPFNClassifier,final_standard_model,"{""average_before_softmax"": true, ""balance_probabilities"": true, ""n_estimators"": 4, ""softmax_temperature"": 0.8}",score_topk_raw_sum,p_top5_raw + p_top10_raw + p_top20_raw,actual_top20,17,Felix Gall,Decathlon AG2R La Mondiale Team,17.0,37,1.3347427248954773,outside_top20,rank_11_20,True,1,0,2.1,0.4044739305973053,0.41302284598350525,0.5172459483146667,0,0,1
tour-de-france_2025_ST16,16,standard,TabPFNClassifier | variant=standard | score=score_topk_raw_sum,TabPFNClassifier,final_standard_model,"{""average_before_softmax"": true, ""balance_probabilities"": true, ""n_estimators"": 4, ""softmax_temperature"": 0.8}",score_topk_raw_sum,p_top5_raw + p_top10_raw + p_top20_raw,actual_top20,18,Adam Yates,UAE Team Emirates - XRG,18.0,6,2.7317190766334534,rank_6_10,top5,True,1,1,2.1,0.8362963795661926,0.9222959876060486,0.9731267094612122,0,0,1
tour-de-france_2025_ST16,16,standard,TabPFNClassifier | variant=standard | score=score_topk_raw_sum,TabPFNClassifier,final_standard_model,"{""average_before_softmax"": true, ""balance_probabilities"": true, ""n_estimators"": 4, ""softmax_temperature"": 0.8}",score_topk_raw_sum,p_top5_raw + p_top10_raw + p_top20_raw,actual_top20,19,Raúl García Pierna,Arkéa - B&B Hotels,19.0,134,0.13950493186712265,outside_top20,outside_top20,True,0,0,2.1,0.03491448611021042,0.03689198195934296,0.06769846379756927,0,0,1
tour-de-france_2025_ST16,16,standard,TabPFNClassifier | variant=standard | score=score_topk_raw_sum,TabPFNClassifier,final_standard_model,"{""average_before_softmax"": true, ""balance_probabilities"": true, ""n_estimators"": 4, ""softmax_temperature"": 0.8}",score_topk_raw_sum,p_top5_raw + p_top10_raw + p_top20_raw,actual_top20,20,Kévin Vauquelin,Arkéa - B&B Hotels,20.0,120,0.20137332938611507,outside_top20,outside_top20,False,0,0,2.1,0.11375674605369568,0.07092555612325668,0.016691027209162712,0,0,1
tour-de-france_2025_ST12,12,thinking_medium_roc_auc,TabPFNClassifier | variant=thinking_medium_roc_auc | score=score_topk_raw_sum,TabPFNClassifier,optional_final_comparison_variant,"{""average_before_softmax"": true, ""balance_probabilities"": true, ""n_estimators"": 4, ""softmax_temperature"": 0.8}",score_topk_raw_sum,p_top5_raw + p_top10_raw + p_top20_raw,predicted_top20_by_score_topk_raw_sum,1,Tadej Pogačar,UAE Team Emirates - XRG,1.0,1,2.8815706968307495,top5,top5,False,1,1,2.1,0.9592883586883544,0.9547671675682068,0.9675151705741882,1,1,1
tour-de-france_2025_ST12,12,thinking_medium_roc_auc,TabPFNClassifier | variant=thinking_medium_roc_auc | score=score_topk_raw_sum,TabPFNClassifier,optional_final_comparison_variant,"{""average_before_softmax"": true, ""balance_probabilities"": true, ""n_estimators"": 4, ""softmax_temperature"": 0.8}",score_topk_raw_sum,p_top5_raw + p_top10_raw + p_top20_raw,predicted_top20_by_score_topk_raw_sum,2,Jonas Vingegaard,Team Visma | Lease a Bike,2.0,2,2.816495656967163,top5,top5,True,1,1,2.1,0.9188356399536132,0.9298304915428162,0.9678295254707336,1,1,1
tour-de-france_2025_ST12,12,thinking_medium_roc_auc,TabPFNClassifier | variant=thinking_medium_roc_auc | score=score_topk_raw_sum,TabPFNClassifier,optional_final_comparison_variant,"{""average_before_softmax"": true, ""balance_probabilities"": true, ""n_estimators"": 4, ""softmax_temperature"": 0.8}",score_topk_raw_sum,p_top5_raw + p_top10_raw + p_top20_raw,predicted_top20_by_score_topk_raw_sum,3,Matteo Jorgenson,Team Visma | Lease a Bike,15.0,3,2.810278713703155,top5,top5,True,1,1,2.1,0.9140002727508544,0.9358866810798644,0.9603917598724364,0,0,1
tour-de-france_2025_ST12,12,thinking_medium_roc_auc,TabPFNClassifier | variant=thinking_medium_roc_auc | score=score_topk_raw_sum,TabPFNClassifier,optional_final_comparison_variant,"{""average_before_softmax"": true, ""balance_probabilities"": true, ""n_estimators"": 4, ""softmax_temperature"": 0.8}",score_topk_raw_sum,p_top5_raw + p_top10_raw + p_top20_raw,predicted_top20_by_score_topk_raw_sum,4,Ben O'Connor,Team Jayco AlUla,16.0,4,2.7373021245002747,top5,top5,True,1,1,2.1,0.8761211037635803,0.9034110903739928,0.9577699303627014,0,0,1
tour-de-france_2025_ST12,12,thinking_medium_roc_auc,TabPFNClassifier | variant=thinking_medium_roc_auc | score=score_topk_raw_sum,TabPFNClassifier,optional_final_comparison_variant,"{""average_before_softmax"": true, ""balance_probabilities"": true, ""n_estimators"": 4, ""softmax_temperature"": 0.8}",score_topk_raw_sum,p_top5_raw + p_top10_raw + p_top20_raw,predicted_top20_by_score_topk_raw_sum,5,Marc Hirschi,Tudor Pro Cycling Team,57.0,5,2.719917118549347,top5,top5,False,1,1,2.1,0.933125376701355,0.8799687623977661,0.9068229794502258,0,0,0
tour-de-france_2025_ST12,12,thinking_medium_roc_auc,TabPFNClassifier | variant=thinking_medium_roc_auc | score=score_topk_raw_sum,TabPFNClassifier,optional_final_comparison_variant,"{""average_before_softmax"": true, ""balance_probabilities"": true, ""n_estimators"": 4, ""softmax_temperature"": 0.8}",score_topk_raw_sum,p_top5_raw + p_top10_raw + p_top20_raw,predicted_top20_by_score_topk_raw_sum,6,Aleksandr Vlasov,Red Bull - BORA - hansgrohe,34.0,6,2.679614305496216,rank_6_10,top5,False,1,1,2.1,0.7944484353065491,0.948127269744873,0.9370386004447936,0,0,0
tour-de-france_2025_ST12,12,thinking_medium_roc_auc,TabPFNClassifier | variant=thinking_medium_roc_auc | score=score_topk_raw_sum,TabPFNClassifier,optional_final_comparison_variant,"{""average_before_softmax"": true, ""balance_probabilities"": true, ""n_estimators"": 4, ""softmax_temperature"": 0.8}",score_topk_raw_sum,p_top5_raw + p_top10_raw + p_top20_raw,predicted_top20_by_score_topk_raw_sum,7,Enric Mas,Movistar Team,33.0,7,2.6522257328033447,rank_6_10,top5,True,1,1,2.1,0.7355497479438782,0.9386374950408936,0.978038489818573,0,0,0
tour-de-france_2025_ST12,12,thinking_medium_roc_auc,TabPFNClassifier | variant=thinking_medium_roc_auc | score=score_topk_raw_sum,TabPFNClassifier,optional_final_comparison_variant,"{""average_before_softmax"": true, ""balance_probabilities"": true, ""n_estimators"": 4, ""softmax_temperature"": 0.8}",score_topk_raw_sum,p_top5_raw + p_top10_raw + p_top20_raw,predicted_top20_by_score_topk_raw_sum,8,Remco Evenepoel,Soudal Quick-Step,7.0,8,2.6460957527160645,rank_6_10,top5,False,1,1,2.1,0.9344624280929564,0.883632481098175,0.8280008435249329,0,1,1
tour-de-france_2025_ST12,12,thinking_medium_roc_auc,TabPFNClassifier | variant=thinking_medium_roc_auc | score=score_topk_raw_sum,TabPFNClassifier,optional_final_comparison_variant,"{""average_before_softmax"": true, ""balance_probabilities"": true, ""n_estimators"": 4, ""softmax_temperature"": 0.8}",score_topk_raw_sum,p_top5_raw + p_top10_raw + p_top20_raw,predicted_top20_by_score_topk_raw_sum,9,Adam Yates,UAE Team Emirates - XRG,23.0,9,2.616485297679901,rank_6_10,top5,True,1,1,2.1,0.7579377293586731,0.9123811721801758,0.9461663961410522,0,0,0
tour-de-france_2025_ST12,12,thinking_medium_roc_auc,TabPFNClassifier | variant=thinking_medium_roc_auc | score=score_topk_raw_sum,TabPFNClassifier,optional_final_comparison_variant,"{""average_before_softmax"": true, ""balance_probabilities"": true, ""n_estimators"": 4, ""softmax_temperature"": 0.8}",score_topk_raw_sum,p_top5_raw + p_top10_raw + p_top20_raw,predicted_top20_by_score_topk_raw_sum,10,Carlos Rodríguez,INEOS Grenadiers,22.0,10,2.5926568508148193,rank_6_10,top5,True,1,1,2.1,0.7666152119636536,0.8811727166175842,0.9448689222335817,0,0,0
tour-de-france_2025_ST12,12,thinking_medium_roc_auc,TabPFNClassifier | variant=thinking_medium_roc_auc | score=score_topk_raw_sum,TabPFNClassifier,optional_final_comparison_variant,"{""average_before_softmax"": true, ""balance_probabilities"": true, ""n_estimators"": 4, ""softmax_temperature"": 0.8}",score_topk_raw_sum,p_top5_raw + p_top10_raw + p_top20_raw,predicted_top20_by_score_topk_raw_sum,11,Biniam Girmay,Intermarché - Wanty,117.0,11,2.5138341784477234,rank_11_20,top5,False,1,1,2.1,0.856188178062439,0.7860714197158813,0.8715745806694031,0,0,0
tour-de-france_2025_ST12,12,thinking_medium_roc_auc,TabPFNClassifier | variant=thinking_medium_roc_auc | score=score_topk_raw_sum,TabPFNClassifier,optional_final_comparison_variant,"{""average_before_softmax"": true, ""balance_probabilities"": true, ""n_estimators"": 4, ""softmax_temperature"": 0.8}",score_topk_raw_sum,p_top5_raw + p_top10_raw + p_top20_raw,predicted_top20_by_score_topk_raw_sum,12,Primož Roglič,Red Bull - BORA - hansgrohe,9.0,12,2.352870762348175,rank_11_20,top5,True,1,1,2.1,0.716499924659729,0.7784025073051453,0.8579683303833008,0,1,1
tour-de-france_2025_ST12,12,thinking_medium_roc_auc,TabPFNClassifier | variant=thinking_medium_roc_auc | score=score_topk_raw_sum,TabPFNClassifier,optional_final_comparison_variant,"{""average_before_softmax"": true, ""balance_probabilities"": true, ""n_estimators"": 4, ""softmax_temperature"": 0.8}",score_topk_raw_sum,p_top5_raw + p_top10_raw + p_top20_raw,predicted_top20_by_score_topk_raw_sum,13,Lenny Martinez,Bahrain - Victorious,97.0,13,2.3187495470046997,rank_11_20,top5,True,1,1,2.1,0.7094968557357788,0.7559964060783386,0.8532562851905823,0,0,0
tour-de-france_2025_ST12,12,thinking_medium_roc_auc,TabPFNClassifier | variant=thinking_medium_roc_auc | score=score_topk_raw_sum,TabPFNClassifier,optional_final_comparison_variant,"{""average_before_softmax"": true, ""balance_probabilities"": true, ""n_estimators"": 4, ""softmax_temperature"": 0.8}",score_topk_raw_sum,p_top5_raw + p_top10_raw + p_top20_raw,predicted_top20_by_score_topk_raw_sum,14,Mattias Skjelmose,Lidl - Trek,29.0,14,2.2971847653388977,rank_11_20,top5,True,1,1,2.1,0.6356663703918457,0.8141582012176514,0.8473601937294006,0,0,0
tour-de-france_2025_ST12,12,thinking_medium_roc_auc,TabPFNClassifier | variant=thinking_medium_roc_auc | score=score_topk_raw_sum,TabPFNClassifier,optional_final_comparison_variant,"{""average_before_softmax"": true, ""balance_probabilities"": true, ""n_estimators"": 4, ""softmax_temperature"": 0.8}",score_topk_raw_sum,p_top5_raw + p_top10_raw + p_top20_raw,predicted_top20_by_score_topk_raw_sum,15,Santiago Buitrago,Bahrain - Victorious,35.0,15,2.2925848364830017,rank_11_20,top5,False,1,1,2.1,0.7641706466674805,0.7096711993217468,0.8187429904937744,0,0,0
tour-de-france_2025_ST12,12,thinking_medium_roc_auc,TabPFNClassifier | variant=thinking_medium_roc_auc | score=score_topk_raw_sum,TabPFNClassifier,optional_final_comparison_variant,"{""average_before_softmax"": true, ""balance_probabilities"": true, ""n_estimators"": 4, ""softmax_temperature"": 0.8}",score_topk_raw_sum,p_top5_raw + p_top10_raw + p_top20_raw,predicted_top20_by_score_topk_raw_sum,16,Julian Alaphilippe,Tudor Pro Cycling Team,91.0,16,2.2880393862724304,rank_11_20,top5,True,1,1,2.1,0.6049262881278992,0.7807655930519104,0.9023475050926208,0,0,0
tour-de-france_2025_ST12,12,thinking_medium_roc_auc,TabPFNClassifier | variant=thinking_medium_roc_auc | score=score_topk_raw_sum,TabPFNClassifier,optional_final_comparison_variant,"{""average_before_softmax"": true, ""balance_probabilities"": true, ""n_estimators"": 4, ""softmax_temperature"": 0.8}",score_topk_raw_sum,p_top5_raw + p_top10_raw + p_top20_raw,predicted_top20_by_score_topk_raw_sum,17,Magnus Cort,Uno-X Mobility,168.0,17,2.2855553030967712,rank_11_20,top5,True,1,1,2.1,0.6635879874229431,0.7731678485870361,0.848799467086792,0,0,0
tour-de-france_2025_ST12,12,thinking_medium_roc_auc,TabPFNClassifier | variant=thinking_medium_roc_auc | score=score_topk_raw_sum,TabPFNClassifier,optional_final_comparison_variant,"{""average_before_softmax"": true, ""balance_probabilities"": true, ""n_estimators"": 4, ""softmax_temperature"": 0.8}",score_topk_raw_sum,p_top5_raw + p_top10_raw + p_top20_raw,predicted_top20_by_score_topk_raw_sum,18,Tim Merlier,Soudal Quick-Step,139.0,18,2.0534701347351074,rank_11_20,top5,True,1,0,2.1,0.6582044959068298,0.6762411594390869,0.7190244793891907,0,0,0
tour-de-france_2025_ST12,12,thinking_medium_roc_auc,TabPFNClassifier | variant=thinking_medium_roc_auc | score=score_topk_raw_sum,TabPFNClassifier,optional_final_comparison_variant,"{""average_before_softmax"": true, ""balance_probabilities"": true, ""n_estimators"": 4, ""softmax_temperature"": 0.8}",score_topk_raw_sum,p_top5_raw + p_top10_raw + p_top20_raw,predicted_top20_by_score_topk_raw_sum,19,Jenno Berckmoes,Lotto,109.0,19,2.0436341762542725,rank_11_20,top5,True,1,0,2.1,0.6365095376968384,0.6511480808258057,0.7559765577316284,0,0,0
tour-de-france_2025_ST12,12,thinking_medium_roc_auc,TabPFNClassifier | variant=thinking_medium_roc_auc | score=score_topk_raw_sum,TabPFNClassifier,optional_final_comparison_variant,"{""average_before_softmax"": true, ""balance_probabilities"": true, ""n_estimators"": 4, ""softmax_temperature"": 0.8}",score_topk_raw_sum,p_top5_raw + p_top10_raw + p_top20_raw,predicted_top20_by_score_topk_raw_sum,20,Romain Grégoire,Groupama - FDJ,90.0,20,2.0259029269218445,rank_11_20,top5,False,1,0,2.1,0.7304134964942932,0.6652376055717468,0.6302518248558044,0,0,0
tour-de-france_2025_ST12,12,thinking_medium_roc_auc,TabPFNClassifier | variant=thinking_medium_roc_auc | score=score_topk_raw_sum,TabPFNClassifier,optional_final_comparison_variant,"{""average_before_softmax"": true, ""balance_probabilities"": true, ""n_estimators"": 4, ""softmax_temperature"": 0.8}",score_topk_raw_sum,p_top5_raw + p_top10_raw + p_top20_raw,actual_top20,1,Tadej Pogačar,UAE Team Emirates - XRG,1.0,1,2.8815706968307495,top5,top5,False,1,1,2.1,0.9592883586883544,0.9547671675682068,0.9675151705741882,1,1,1
tour-de-france_2025_ST12,12,thinking_medium_roc_auc,TabPFNClassifier | variant=thinking_medium_roc_auc | score=score_topk_raw_sum,TabPFNClassifier,optional_final_comparison_variant,"{""average_before_softmax"": true, ""balance_probabilities"": true, ""n_estimators"": 4, ""softmax_temperature"": 0.8}",score_topk_raw_sum,p_top5_raw + p_top10_raw + p_top20_raw,actual_top20,2,Jonas Vingegaard,Team Visma | Lease a Bike,2.0,2,2.816495656967163,top5,top5,True,1,1,2.1,0.9188356399536132,0.9298304915428162,0.9678295254707336,1,1,1
tour-de-france_2025_ST12,12,thinking_medium_roc_auc,TabPFNClassifier | variant=thinking_medium_roc_auc | score=score_topk_raw_sum,TabPFNClassifier,optional_final_comparison_variant,"{""average_before_softmax"": true, ""balance_probabilities"": true, ""n_estimators"": 4, ""softmax_temperature"": 0.8}",score_topk_raw_sum,p_top5_raw + p_top10_raw + p_top20_raw,actual_top20,3,Florian Lipowitz,Red Bull - BORA - hansgrohe,3.0,34,1.5268803238868713,outside_top20,rank_11_20,False,1,0,2.1,0.555855393409729,0.455243170261383,0.5157817602157593,1,1,1
tour-de-france_2025_ST12,12,thinking_medium_roc_auc,TabPFNClassifier | variant=thinking_medium_roc_auc | score=score_topk_raw_sum,TabPFNClassifier,optional_final_comparison_variant,"{""average_before_softmax"": true, ""balance_probabilities"": true, ""n_estimators"": 4, ""softmax_temperature"": 0.8}",score_topk_raw_sum,p_top5_raw + p_top10_raw + p_top20_raw,actual_top20,4,Tobias Halland Johannessen,Uno-X Mobility,4.0,22,1.9999561309814453,outside_top20,top5,False,1,0,2.1,0.6064496636390686,0.7118212580680847,0.681685209274292,1,1,1
tour-de-france_2025_ST12,12,thinking_medium_roc_auc,TabPFNClassifier | variant=thinking_medium_roc_auc | score=score_topk_raw_sum,TabPFNClassifier,optional_final_comparison_variant,"{""average_before_softmax"": true, ""balance_probabilities"": true, ""n_estimators"": 4, ""softmax_temperature"": 0.8}",score_topk_raw_sum,p_top5_raw + p_top10_raw + p_top20_raw,actual_top20,5,Oscar Onley,Team Picnic PostNL,5.0,24,1.9783615469932556,outside_top20,top5,False,1,0,2.1,0.6978251934051514,0.6178959012031555,0.6626404523849487,1,1,1
tour-de-france_2025_ST12,12,thinking_medium_roc_auc,TabPFNClassifier | variant=thinking_medium_roc_auc | score=score_topk_raw_sum,TabPFNClassifier,optional_final_comparison_variant,"{""average_before_softmax"": true, ""balance_probabilities"": true, ""n_estimators"": 4, ""softmax_temperature"": 0.8}",score_topk_raw_sum,p_top5_raw + p_top10_raw + p_top20_raw,actual_top20,6,Kévin Vauquelin,Arkéa - B&B Hotels,6.0,133,0.1511244429275392,outside_top20,outside_top20,False,0,0,2.1,0.0842903032898902,0.0526693910360336,0.0141647486016154,0,1,1
tour-de-france_2025_ST12,12,thinking_medium_roc_auc,TabPFNClassifier | variant=thinking_medium_roc_auc | score=score_topk_raw_sum,TabPFNClassifier,optional_final_comparison_variant,"{""average_before_softmax"": true, ""balance_probabilities"": true, ""n_estimators"": 4, ""softmax_temperature"": 0.8}",score_topk_raw_sum,p_top5_raw + p_top10_raw + p_top20_raw,actual_top20,7,Remco Evenepoel,Soudal Quick-Step,7.0,8,2.6460957527160645,rank_6_10,top5,False,1,1,2.1,0.9344624280929564,0.883632481098175,0.8280008435249329,0,1,1
tour-de-france_2025_ST12,12,thinking_medium_roc_auc,TabPFNClassifier | variant=thinking_medium_roc_auc | score=score_topk_raw_sum,TabPFNClassifier,optional_final_comparison_variant,"{""average_before_softmax"": true, ""balance_probabilities"": true, ""n_estimators"": 4, ""softmax_temperature"": 0.8}",score_topk_raw_sum,p_top5_raw + p_top10_raw + p_top20_raw,actual_top20,8,Felix Gall,Decathlon AG2R La Mondiale Team,8.0,46,1.0865327715873718,outside_top20,outside_top20,False,1,0,2.1,0.3550507724285126,0.3903637528419494,0.3411182463169098,0,1,1
tour-de-france_2025_ST12,12,thinking_medium_roc_auc,TabPFNClassifier | variant=thinking_medium_roc_auc | score=score_topk_raw_sum,TabPFNClassifier,optional_final_comparison_variant,"{""average_before_softmax"": true, ""balance_probabilities"": true, ""n_estimators"": 4, ""softmax_temperature"": 0.8}",score_topk_raw_sum,p_top5_raw + p_top10_raw + p_top20_raw,actual_top20,9,Primož Roglič,Red Bull - BORA - hansgrohe,9.0,12,2.352870762348175,rank_11_20,top5,True,1,1,2.1,0.716499924659729,0.7784025073051453,0.8579683303833008,0,1,1
tour-de-france_2025_ST12,12,thinking_medium_roc_auc,TabPFNClassifier | variant=thinking_medium_roc_auc | score=score_topk_raw_sum,TabPFNClassifier,optional_final_comparison_variant,"{""average_before_softmax"": true, ""balance_probabilities"": true, ""n_estimators"": 4, ""softmax_temperature"": 0.8}",score_topk_raw_sum,p_top5_raw + p_top10_raw + p_top20_raw,actual_top20,10,Cristián Rodríguez,Arkéa - B&B Hotels,10.0,49,1.004342719912529,outside_top20,rank_11_20,True,1,0,2.1,0.1760873347520828,0.2511679828166961,0.57708740234375,0,1,1
tour-de-france_2025_ST12,12,thinking_medium_roc_auc,TabPFNClassifier | variant=thinking_medium_roc_auc | score=score_topk_raw_sum,TabPFNClassifier,optional_final_comparison_variant,"{""average_before_softmax"": true, ""balance_probabilities"": true, ""n_estimators"": 4, ""softmax_temperature"": 0.8}",score_topk_raw_sum,p_top5_raw + p_top10_raw + p_top20_raw,actual_top20,11,Einer Rubio,Movistar Team,11.0,44,1.2045664191246033,outside_top20,outside_top20,False,1,0,2.1,0.3873865902423858,0.4182104170322418,0.3989694118499756,0,0,1
tour-de-france_2025_ST12,12,thinking_medium_roc_auc,TabPFNClassifier | variant=thinking_medium_roc_auc | score=score_topk_raw_sum,TabPFNClassifier,optional_final_comparison_variant,"{""average_before_softmax"": true, ""balance_probabilities"": true, ""n_estimators"": 4, ""softmax_temperature"": 0.8}",score_topk_raw_sum,p_top5_raw + p_top10_raw + p_top20_raw,actual_top20,12,Raúl García Pierna,Arkéa - B&B Hotels,12.0,155,0.0873301327228545,outside_top20,outside_top20,False,0,0,2.1,0.0412263572216033,0.0259676519781351,0.0201361235231161,0,0,1
tour-de-france_2025_ST12,12,thinking_medium_roc_auc,TabPFNClassifier | variant=thinking_medium_roc_auc | score=score_topk_raw_sum,TabPFNClassifier,optional_final_comparison_variant,"{""average_before_softmax"": true, ""balance_probabilities"": true, ""n_estimators"": 4, ""softmax_temperature"": 0.8}",score_topk_raw_sum,p_top5_raw + p_top10_raw + p_top20_raw,actual_top20,13,Guillaume Martin,Groupama - FDJ,13.0,41,1.2394368350505829,outside_top20,rank_11_20,True,1,0,2.1,0.2725309133529663,0.3987680971622467,0.5681378245353699,0,0,1
tour-de-france_2025_ST12,12,thinking_medium_roc_auc,TabPFNClassifier | variant=thinking_medium_roc_auc | score=score_topk_raw_sum,TabPFNClassifier,optional_final_comparison_variant,"{""average_before_softmax"": true, ""balance_probabilities"": true, ""n_estimators"": 4, ""softmax_temperature"": 0.8}",score_topk_raw_sum,p_top5_raw + p_top10_raw + p_top20_raw,actual_top20,14,Sergio Higuita,XDS Astana Team,14.0,91,0.46721886098384846,outside_top20,outside_top20,False,0,0,2.1,0.1530052274465561,0.1470677256584167,0.1671459078788757,0,0,1
tour-de-france_2025_ST12,12,thinking_medium_roc_auc,TabPFNClassifier | variant=thinking_medium_roc_auc | score=score_topk_raw_sum,TabPFNClassifier,optional_final_comparison_variant,"{""average_before_softmax"": true, ""balance_probabilities"": true, ""n_estimators"": 4, ""softmax_temperature"": 0.8}",score_topk_raw_sum,p_top5_raw + p_top10_raw + p_top20_raw,actual_top20,15,Matteo Jorgenson,Team Visma | Lease a Bike,15.0,3,2.810278713703155,top5,top5,True,1,1,2.1,0.9140002727508544,0.9358866810798644,0.9603917598724364,0,0,1
tour-de-france_2025_ST12,12,thinking_medium_roc_auc,TabPFNClassifier | variant=thinking_medium_roc_auc | score=score_topk_raw_sum,TabPFNClassifier,optional_final_comparison_variant,"{""average_before_softmax"": true, ""balance_probabilities"": true, ""n_estimators"": 4, ""softmax_temperature"": 0.8}",score_topk_raw_sum,p_top5_raw + p_top10_raw + p_top20_raw,actual_top20,16,Ben O'Connor,Team Jayco AlUla,16.0,4,2.7373021245002747,top5,top5,True,1,1,2.1,0.8761211037635803,0.9034110903739928,0.9577699303627014,0,0,1
tour-de-france_2025_ST12,12,thinking_medium_roc_auc,TabPFNClassifier | variant=thinking_medium_roc_auc | score=score_topk_raw_sum,TabPFNClassifier,optional_final_comparison_variant,"{""average_before_softmax"": true, ""balance_probabilities"": true, ""n_estimators"": 4, ""softmax_temperature"": 0.8}",score_topk_raw_sum,p_top5_raw + p_top10_raw + p_top20_raw,actual_top20,17,Bruno Armirail,Decathlon AG2R La Mondiale Team,17.0,81,0.5807766318321227,outside_top20,outside_top20,True,1,0,2.1,0.1199667304754257,0.2051222771406173,0.2556876242160797,0,0,1
tour-de-france_2025_ST12,12,thinking_medium_roc_auc,TabPFNClassifier | variant=thinking_medium_roc_auc | score=score_topk_raw_sum,TabPFNClassifier,optional_final_comparison_variant,"{""average_before_softmax"": true, ""balance_probabilities"": true, ""n_estimators"": 4, ""softmax_temperature"": 0.8}",score_topk_raw_sum,p_top5_raw + p_top10_raw + p_top20_raw,actual_top20,18,Jhonatan Narváez,UAE Team Emirates - XRG,18.0,29,1.6471484899520874,outside_top20,top5,True,1,0,2.1,0.5035459995269775,0.5472460389137268,0.5963564515113831,0,0,1
tour-de-france_2025_ST12,12,thinking_medium_roc_auc,TabPFNClassifier | variant=thinking_medium_roc_auc | score=score_topk_raw_sum,TabPFNClassifier,optional_final_comparison_variant,"{""average_before_softmax"": true, ""balance_probabilities"": true, ""n_estimators"": 4, ""softmax_temperature"": 0.8}",score_topk_raw_sum,p_top5_raw + p_top10_raw + p_top20_raw,actual_top20,19,Jordan Jegat,TotalEnergies,19.0,33,1.5667551159858704,outside_top20,rank_6_10,True,1,0,2.1,0.4296687245368957,0.5573510527610779,0.5797353386878967,0,0,1
tour-de-france_2025_ST12,12,thinking_medium_roc_auc,TabPFNClassifier | variant=thinking_medium_roc_auc | score=score_topk_raw_sum,TabPFNClassifier,optional_final_comparison_variant,"{""average_before_softmax"": true, ""balance_probabilities"": true, ""n_estimators"": 4, ""softmax_temperature"": 0.8}",score_topk_raw_sum,p_top5_raw + p_top10_raw + p_top20_raw,actual_top20,20,Aurélien Paret-Peintre,Decathlon AG2R La Mondiale Team,20.0,45,1.1273443698883057,outside_top20,rank_11_20,True,1,0,2.1,0.2522753179073334,0.2944374978542328,0.5806315541267395,0,0,1
tour-de-france_2025_ST16,16,thinking_medium_roc_auc,TabPFNClassifier | variant=thinking_medium_roc_auc | score=score_topk_raw_sum,TabPFNClassifier,optional_final_comparison_variant,"{""average_before_softmax"": true, ""balance_probabilities"": true, ""n_estimators"": 4, ""softmax_temperature"": 0.8}",score_topk_raw_sum,p_top5_raw + p_top10_raw + p_top20_raw,predicted_top20_by_score_topk_raw_sum,1,Tadej Pogačar,UAE Team Emirates - XRG,5.0,1,2.8938249945640564,top5,top5,False,1,1,2.1,0.964707374572754,0.9590047597885132,0.9701128602027892,1,1,1
tour-de-france_2025_ST16,16,thinking_medium_roc_auc,TabPFNClassifier | variant=thinking_medium_roc_auc | score=score_topk_raw_sum,TabPFNClassifier,optional_final_comparison_variant,"{""average_before_softmax"": true, ""balance_probabilities"": true, ""n_estimators"": 4, ""softmax_temperature"": 0.8}",score_topk_raw_sum,p_top5_raw + p_top10_raw + p_top20_raw,predicted_top20_by_score_topk_raw_sum,2,Matteo Jorgenson,Team Visma | Lease a Bike,115.0,2,2.822875201702118,top5,top5,True,1,1,2.1,0.922776997089386,0.9404767155647278,0.9596214890480042,0,0,0
tour-de-france_2025_ST16,16,thinking_medium_roc_auc,TabPFNClassifier | variant=thinking_medium_roc_auc | score=score_topk_raw_sum,TabPFNClassifier,optional_final_comparison_variant,"{""average_before_softmax"": true, ""balance_probabilities"": true, ""n_estimators"": 4, ""softmax_temperature"": 0.8}",score_topk_raw_sum,p_top5_raw + p_top10_raw + p_top20_raw,predicted_top20_by_score_topk_raw_sum,3,Jonas Vingegaard,Team Visma | Lease a Bike,6.0,3,2.8158114552497864,top5,top5,False,1,1,2.1,0.9249244928359984,0.9239745736122132,0.9669123888015748,0,1,1
tour-de-france_2025_ST16,16,thinking_medium_roc_auc,TabPFNClassifier | variant=thinking_medium_roc_auc | score=score_topk_raw_sum,TabPFNClassifier,optional_final_comparison_variant,"{""average_before_softmax"": true, ""balance_probabilities"": true, ""n_estimators"": 4, ""softmax_temperature"": 0.8}",score_topk_raw_sum,p_top5_raw + p_top10_raw + p_top20_raw,predicted_top20_by_score_topk_raw_sum,4,Marc Hirschi,Tudor Pro Cycling Team,83.0,4,2.7591243982315063,top5,top5,False,1,1,2.1,0.94218510389328,0.8942696452140808,0.9226696491241456,0,0,0
tour-de-france_2025_ST16,16,thinking_medium_roc_auc,TabPFNClassifier | variant=thinking_medium_roc_auc | score=score_topk_raw_sum,TabPFNClassifier,optional_final_comparison_variant,"{""average_before_softmax"": true, ""balance_probabilities"": true, ""n_estimators"": 4, ""softmax_temperature"": 0.8}",score_topk_raw_sum,p_top5_raw + p_top10_raw + p_top20_raw,predicted_top20_by_score_topk_raw_sum,5,Aleksandr Vlasov,Red Bull - BORA - hansgrohe,49.0,5,2.7171632051467896,top5,top5,False,1,1,2.1,0.812983512878418,0.9618367552757264,0.9423429369926452,0,0,0
tour-de-france_2025_ST16,16,thinking_medium_roc_auc,TabPFNClassifier | variant=thinking_medium_roc_auc | score=score_topk_raw_sum,TabPFNClassifier,optional_final_comparison_variant,"{""average_before_softmax"": true, ""balance_probabilities"": true, ""n_estimators"": 4, ""softmax_temperature"": 0.8}",score_topk_raw_sum,p_top5_raw + p_top10_raw + p_top20_raw,predicted_top20_by_score_topk_raw_sum,6,Ben O'Connor,Team Jayco AlUla,32.0,6,2.7164037823677063,rank_6_10,top5,True,1,1,2.1,0.8746626973152161,0.8971012830734253,0.9446398019790648,0,0,0
tour-de-france_2025_ST16,16,thinking_medium_roc_auc,TabPFNClassifier | variant=thinking_medium_roc_auc | score=score_topk_raw_sum,TabPFNClassifier,optional_final_comparison_variant,"{""average_before_softmax"": true, ""balance_probabilities"": true, ""n_estimators"": 4, ""softmax_temperature"": 0.8}",score_topk_raw_sum,p_top5_raw + p_top10_raw + p_top20_raw,predicted_top20_by_score_topk_raw_sum,7,Enric Mas,Movistar Team,7.0,7,2.700196862220764,rank_6_10,top5,True,1,1,2.1,0.7826497554779053,0.938892662525177,0.978654444217682,0,1,1
tour-de-france_2025_ST16,16,thinking_medium_roc_auc,TabPFNClassifier | variant=thinking_medium_roc_auc | score=score_topk_raw_sum,TabPFNClassifier,optional_final_comparison_variant,"{""average_before_softmax"": true, ""balance_probabilities"": true, ""n_estimators"": 4, ""softmax_temperature"": 0.8}",score_topk_raw_sum,p_top5_raw + p_top10_raw + p_top20_raw,predicted_top20_by_score_topk_raw_sum,8,Adam Yates,UAE Team Emirates - XRG,18.0,8,2.666518211364746,rank_6_10,top5,True,1,1,2.1,0.7987179756164551,0.9168038368225098,0.9509963989257812,0,0,1
tour-de-france_2025_ST16,16,thinking_medium_roc_auc,TabPFNClassifier | variant=thinking_medium_roc_auc | score=score_topk_raw_sum,TabPFNClassifier,optional_final_comparison_variant,"{""average_before_softmax"": true, ""balance_probabilities"": true, ""n_estimators"": 4, ""softmax_temperature"": 0.8}",score_topk_raw_sum,p_top5_raw + p_top10_raw + p_top20_raw,predicted_top20_by_score_topk_raw_sum,9,Carlos Rodríguez,INEOS Grenadiers,15.0,9,2.607956826686859,rank_6_10,top5,True,1,1,2.1,0.7923939228057861,0.8664154410362244,0.9491474628448486,0,0,1
tour-de-france_2025_ST16,16,thinking_medium_roc_auc,TabPFNClassifier | variant=thinking_medium_roc_auc | score=score_topk_raw_sum,TabPFNClassifier,optional_final_comparison_variant,"{""average_before_softmax"": true, ""balance_probabilities"": true, ""n_estimators"": 4, ""softmax_temperature"": 0.8}",score_topk_raw_sum,p_top5_raw + p_top10_raw + p_top20_raw,predicted_top20_by_score_topk_raw_sum,10,Biniam Girmay,Intermarché - Wanty,158.0,10,2.6000624299049377,rank_6_10,top5,False,1,1,2.1,0.8777572512626648,0.8420552015304565,0.8802499771118164,0,0,0
tour-de-france_2025_ST16,16,thinking_medium_roc_auc,TabPFNClassifier | variant=thinking_medium_roc_auc | score=score_topk_raw_sum,TabPFNClassifier,optional_final_comparison_variant,"{""average_before_softmax"": true, ""balance_probabilities"": true, ""n_estimators"": 4, ""softmax_temperature"": 0.8}",score_topk_raw_sum,p_top5_raw + p_top10_raw + p_top20_raw,predicted_top20_by_score_topk_raw_sum,11,Primož Roglič,Red Bull - BORA - hansgrohe,9.0,11,2.5071654319763184,rank_11_20,top5,True,1,1,2.1,0.7800140976905823,0.8338984251022339,0.8932529091835022,0,1,1
tour-de-france_2025_ST16,16,thinking_medium_roc_auc,TabPFNClassifier | variant=thinking_medium_roc_auc | score=score_topk_raw_sum,TabPFNClassifier,optional_final_comparison_variant,"{""average_before_softmax"": true, ""balance_probabilities"": true, ""n_estimators"": 4, ""softmax_temperature"": 0.8}",score_topk_raw_sum,p_top5_raw + p_top10_raw + p_top20_raw,predicted_top20_by_score_topk_raw_sum,12,Lenny Martinez,Bahrain - Victorious,122.0,12,2.3759981393814087,rank_11_20,top5,True,1,1,2.1,0.725801408290863,0.7790249586105347,0.871171772480011,0,0,0
tour-de-france_2025_ST16,16,thinking_medium_roc_auc,TabPFNClassifier | variant=thinking_medium_roc_auc | score=score_topk_raw_sum,TabPFNClassifier,optional_final_comparison_variant,"{""average_before_softmax"": true, ""balance_probabilities"": true, ""n_estimators"": 4, ""softmax_temperature"": 0.8}",score_topk_raw_sum,p_top5_raw + p_top10_raw + p_top20_raw,predicted_top20_by_score_topk_raw_sum,13,Julian Alaphilippe,Tudor Pro Cycling Team,8.0,13,2.369897961616516,rank_11_20,top5,True,1,1,2.1,0.6507099270820618,0.7873308062553406,0.9318572282791138,0,1,1
tour-de-france_2025_ST16,16,thinking_medium_roc_auc,TabPFNClassifier | variant=thinking_medium_roc_auc | score=score_topk_raw_sum,TabPFNClassifier,optional_final_comparison_variant,"{""average_before_softmax"": true, ""balance_probabilities"": true, ""n_estimators"": 4, ""softmax_temperature"": 0.8}",score_topk_raw_sum,p_top5_raw + p_top10_raw + p_top20_raw,predicted_top20_by_score_topk_raw_sum,14,Santiago Buitrago,Bahrain - Victorious,3.0,14,2.3331066966056824,rank_11_20,top5,True,1,1,2.1,0.6966439485549927,0.7708590030670166,0.8656037449836731,1,1,1
tour-de-france_2025_ST16,16,thinking_medium_roc_auc,TabPFNClassifier | variant=thinking_medium_roc_auc | score=score_topk_raw_sum,TabPFNClassifier,optional_final_comparison_variant,"{""average_before_softmax"": true, ""balance_probabilities"": true, ""n_estimators"": 4, ""softmax_temperature"": 0.8}",score_topk_raw_sum,p_top5_raw + p_top10_raw + p_top20_raw,predicted_top20_by_score_topk_raw_sum,15,Magnus Cort,Uno-X Mobility,138.0,15,2.250475585460663,rank_11_20,top5,True,1,1,2.1,0.6417321562767029,0.741367518901825,0.867375910282135,0,0,0
tour-de-france_2025_ST16,16,thinking_medium_roc_auc,TabPFNClassifier | variant=thinking_medium_roc_auc | score=score_topk_raw_sum,TabPFNClassifier,optional_final_comparison_variant,"{""average_before_softmax"": true, ""balance_probabilities"": true, ""n_estimators"": 4, ""softmax_temperature"": 0.8}",score_topk_raw_sum,p_top5_raw + p_top10_raw + p_top20_raw,predicted_top20_by_score_topk_raw_sum,16,Tim Merlier,Soudal Quick-Step,153.0,16,2.1192339658737183,rank_11_20,top5,True,1,1,2.1,0.6913062930107117,0.6934042572975159,0.7345234155654907,0,0,0
tour-de-france_2025_ST16,16,thinking_medium_roc_auc,TabPFNClassifier | variant=thinking_medium_roc_auc | score=score_topk_raw_sum,TabPFNClassifier,optional_final_comparison_variant,"{""average_before_softmax"": true, ""balance_probabilities"": true, ""n_estimators"": 4, ""softmax_temperature"": 0.8}",score_topk_raw_sum,p_top5_raw + p_top10_raw + p_top20_raw,predicted_top20_by_score_topk_raw_sum,17,Alex Baudin,EF Education - EasyPost,57.0,17,2.089814603328705,rank_11_20,top5,True,1,0,2.1,0.5345388650894165,0.7260027527809143,0.829272985458374,0,0,0
tour-de-france_2025_ST16,16,thinking_medium_roc_auc,TabPFNClassifier | variant=thinking_medium_roc_auc | score=score_topk_raw_sum,TabPFNClassifier,optional_final_comparison_variant,"{""average_before_softmax"": true, ""balance_probabilities"": true, ""n_estimators"": 4, ""softmax_temperature"": 0.8}",score_topk_raw_sum,p_top5_raw + p_top10_raw + p_top20_raw,predicted_top20_by_score_topk_raw_sum,18,Alex Aranburu,Cofidis,16.0,18,2.0701865553855896,rank_11_20,top5,False,1,0,2.1,0.519051194190979,0.7872747778892517,0.7638605833053589,0,0,1
tour-de-france_2025_ST16,16,thinking_medium_roc_auc,TabPFNClassifier | variant=thinking_medium_roc_auc | score=score_topk_raw_sum,TabPFNClassifier,optional_final_comparison_variant,"{""average_before_softmax"": true, ""balance_probabilities"": true, ""n_estimators"": 4, ""softmax_temperature"": 0.8}",score_topk_raw_sum,p_top5_raw + p_top10_raw + p_top20_raw,predicted_top20_by_score_topk_raw_sum,19,Romain Grégoire,Groupama - FDJ,69.0,19,2.0179582238197327,rank_11_20,top5,False,1,0,2.1,0.7172954082489014,0.6677670478820801,0.6328957676887512,0,0,0
tour-de-france_2025_ST16,16,thinking_medium_roc_auc,TabPFNClassifier | variant=thinking_medium_roc_auc | score=score_topk_raw_sum,TabPFNClassifier,optional_final_comparison_variant,"{""average_before_softmax"": true, ""balance_probabilities"": true, ""n_estimators"": 4, ""softmax_temperature"": 0.8}",score_topk_raw_sum,p_top5_raw + p_top10_raw + p_top20_raw,predicted_top20_by_score_topk_raw_sum,20,Oscar Onley,Team Picnic PostNL,14.0,20,1.9884065389633179,rank_11_20,top5,False,1,0,2.1,0.6641693115234375,0.6351948380470276,0.6890423893928528,0,0,1
tour-de-france_2025_ST16,16,thinking_medium_roc_auc,TabPFNClassifier | variant=thinking_medium_roc_auc | score=score_topk_raw_sum,TabPFNClassifier,optional_final_comparison_variant,"{""average_before_softmax"": true, ""balance_probabilities"": true, ""n_estimators"": 4, ""softmax_temperature"": 0.8}",score_topk_raw_sum,p_top5_raw + p_top10_raw + p_top20_raw,actual_top20,1,Valentin Paret-Peintre,Soudal Quick-Step,1.0,25,1.8110968172550201,outside_top20,rank_6_10,True,1,0,2.1,0.4694730341434479,0.5802001357078552,0.761423647403717,1,1,1
tour-de-france_2025_ST16,16,thinking_medium_roc_auc,TabPFNClassifier | variant=thinking_medium_roc_auc | score=score_topk_raw_sum,TabPFNClassifier,optional_final_comparison_variant,"{""average_before_softmax"": true, ""balance_probabilities"": true, ""n_estimators"": 4, ""softmax_temperature"": 0.8}",score_topk_raw_sum,p_top5_raw + p_top10_raw + p_top20_raw,actual_top20,2,Ben Healy,EF Education - EasyPost,2.0,51,0.9971881508827207,outside_top20,outside_top20,False,1,0,2.1,0.3295664489269256,0.2664246261119842,0.401197075843811,1,1,1
tour-de-france_2025_ST16,16,thinking_medium_roc_auc,TabPFNClassifier | variant=thinking_medium_roc_auc | score=score_topk_raw_sum,TabPFNClassifier,optional_final_comparison_variant,"{""average_before_softmax"": true, ""balance_probabilities"": true, ""n_estimators"": 4, ""softmax_temperature"": 0.8}",score_topk_raw_sum,p_top5_raw + p_top10_raw + p_top20_raw,actual_top20,3,Santiago Buitrago,Bahrain - Victorious,3.0,14,2.3331066966056824,rank_11_20,top5,True,1,1,2.1,0.6966439485549927,0.7708590030670166,0.8656037449836731,1,1,1
tour-de-france_2025_ST16,16,thinking_medium_roc_auc,TabPFNClassifier | variant=thinking_medium_roc_auc | score=score_topk_raw_sum,TabPFNClassifier,optional_final_comparison_variant,"{""average_before_softmax"": true, ""balance_probabilities"": true, ""n_estimators"": 4, ""softmax_temperature"": 0.8}",score_topk_raw_sum,p_top5_raw + p_top10_raw + p_top20_raw,actual_top20,4,Ilan Van Wilder,Soudal Quick-Step,4.0,35,1.3631271123886108,outside_top20,outside_top20,False,1,0,2.1,0.4711664021015167,0.4099737703800201,0.481986939907074,1,1,1
tour-de-france_2025_ST16,16,thinking_medium_roc_auc,TabPFNClassifier | variant=thinking_medium_roc_auc | score=score_topk_raw_sum,TabPFNClassifier,optional_final_comparison_variant,"{""average_before_softmax"": true, ""balance_probabilities"": true, ""n_estimators"": 4, ""softmax_temperature"": 0.8}",score_topk_raw_sum,p_top5_raw + p_top10_raw + p_top20_raw,actual_top20,5,Tadej Pogačar,UAE Team Emirates - XRG,5.0,1,2.8938249945640564,top5,top5,False,1,1,2.1,0.964707374572754,0.9590047597885132,0.9701128602027892,1,1,1
tour-de-france_2025_ST16,16,thinking_medium_roc_auc,TabPFNClassifier | variant=thinking_medium_roc_auc | score=score_topk_raw_sum,TabPFNClassifier,optional_final_comparison_variant,"{""average_before_softmax"": true, ""balance_probabilities"": true, ""n_estimators"": 4, ""softmax_temperature"": 0.8}",score_topk_raw_sum,p_top5_raw + p_top10_raw + p_top20_raw,actual_top20,6,Jonas Vingegaard,Team Visma | Lease a Bike,6.0,3,2.8158114552497864,top5,top5,False,1,1,2.1,0.9249244928359984,0.9239745736122132,0.9669123888015748,0,1,1
tour-de-france_2025_ST16,16,thinking_medium_roc_auc,TabPFNClassifier | variant=thinking_medium_roc_auc | score=score_topk_raw_sum,TabPFNClassifier,optional_final_comparison_variant,"{""average_before_softmax"": true, ""balance_probabilities"": true, ""n_estimators"": 4, ""softmax_temperature"": 0.8}",score_topk_raw_sum,p_top5_raw + p_top10_raw + p_top20_raw,actual_top20,7,Enric Mas,Movistar Team,7.0,7,2.700196862220764,rank_6_10,top5,True,1,1,2.1,0.7826497554779053,0.938892662525177,0.978654444217682,0,1,1
tour-de-france_2025_ST16,16,thinking_medium_roc_auc,TabPFNClassifier | variant=thinking_medium_roc_auc | score=score_topk_raw_sum,TabPFNClassifier,optional_final_comparison_variant,"{""average_before_softmax"": true, ""balance_probabilities"": true, ""n_estimators"": 4, ""softmax_temperature"": 0.8}",score_topk_raw_sum,p_top5_raw + p_top10_raw + p_top20_raw,actual_top20,8,Julian Alaphilippe,Tudor Pro Cycling Team,8.0,13,2.369897961616516,rank_11_20,top5,True,1,1,2.1,0.6507099270820618,0.7873308062553406,0.9318572282791138,0,1,1
tour-de-france_2025_ST16,16,thinking_medium_roc_auc,TabPFNClassifier | variant=thinking_medium_roc_auc | score=score_topk_raw_sum,TabPFNClassifier,optional_final_comparison_variant,"{""average_before_softmax"": true, ""balance_probabilities"": true, ""n_estimators"": 4, ""softmax_temperature"": 0.8}",score_topk_raw_sum,p_top5_raw + p_top10_raw + p_top20_raw,actual_top20,9,Primož Roglič,Red Bull - BORA - hansgrohe,9.0,11,2.5071654319763184,rank_11_20,top5,True,1,1,2.1,0.7800140976905823,0.8338984251022339,0.8932529091835022,0,1,1
tour-de-france_2025_ST16,16,thinking_medium_roc_auc,TabPFNClassifier | variant=thinking_medium_roc_auc | score=score_topk_raw_sum,TabPFNClassifier,optional_final_comparison_variant,"{""average_before_softmax"": true, ""balance_probabilities"": true, ""n_estimators"": 4, ""softmax_temperature"": 0.8}",score_topk_raw_sum,p_top5_raw + p_top10_raw + p_top20_raw,actual_top20,10,Florian Lipowitz,Red Bull - BORA - hansgrohe,10.0,24,1.8446736335754395,outside_top20,top5,False,1,0,2.1,0.6684860587120056,0.5690302848815918,0.607157289981842,0,1,1
tour-de-france_2025_ST16,16,thinking_medium_roc_auc,TabPFNClassifier | variant=thinking_medium_roc_auc | score=score_topk_raw_sum,TabPFNClassifier,optional_final_comparison_variant,"{""average_before_softmax"": true, ""balance_probabilities"": true, ""n_estimators"": 4, ""softmax_temperature"": 0.8}",score_topk_raw_sum,p_top5_raw + p_top10_raw + p_top20_raw,actual_top20,11,Gregor Mühlberger,Movistar Team,11.0,85,0.4894885718822478,outside_top20,outside_top20,False,0,0,2.1,0.1006620377302169,0.1977932900190353,0.1910332441329956,0,0,1
tour-de-france_2025_ST16,16,thinking_medium_roc_auc,TabPFNClassifier | variant=thinking_medium_roc_auc | score=score_topk_raw_sum,TabPFNClassifier,optional_final_comparison_variant,"{""average_before_softmax"": true, ""balance_probabilities"": true, ""n_estimators"": 4, ""softmax_temperature"": 0.8}",score_topk_raw_sum,p_top5_raw + p_top10_raw + p_top20_raw,actual_top20,12,Thymen Arensman,INEOS Grenadiers,12.0,39,1.2714122533798218,outside_top20,rank_11_20,True,1,0,2.1,0.329081654548645,0.3963766098022461,0.5459539890289307,0,0,1
tour-de-france_2025_ST16,16,thinking_medium_roc_auc,TabPFNClassifier | variant=thinking_medium_roc_auc | score=score_topk_raw_sum,TabPFNClassifier,optional_final_comparison_variant,"{""average_before_softmax"": true, ""balance_probabilities"": true, ""n_estimators"": 4, ""softmax_temperature"": 0.8}",score_topk_raw_sum,p_top5_raw + p_top10_raw + p_top20_raw,actual_top20,13,Xandro Meurisse,Alpecin - Deceuninck,13.0,63,0.8055880218744278,outside_top20,outside_top20,False,1,0,2.1,0.1942624300718307,0.3206326961517334,0.2906928956508636,0,0,1
tour-de-france_2025_ST16,16,thinking_medium_roc_auc,TabPFNClassifier | variant=thinking_medium_roc_auc | score=score_topk_raw_sum,TabPFNClassifier,optional_final_comparison_variant,"{""average_before_softmax"": true, ""balance_probabilities"": true, ""n_estimators"": 4, ""softmax_temperature"": 0.8}",score_topk_raw_sum,p_top5_raw + p_top10_raw + p_top20_raw,actual_top20,14,Oscar Onley,Team Picnic PostNL,14.0,20,1.9884065389633179,rank_11_20,top5,False,1,0,2.1,0.6641693115234375,0.6351948380470276,0.6890423893928528,0,0,1
tour-de-france_2025_ST16,16,thinking_medium_roc_auc,TabPFNClassifier | variant=thinking_medium_roc_auc | score=score_topk_raw_sum,TabPFNClassifier,optional_final_comparison_variant,"{""average_before_softmax"": true, ""balance_probabilities"": true, ""n_estimators"": 4, ""softmax_temperature"": 0.8}",score_topk_raw_sum,p_top5_raw + p_top10_raw + p_top20_raw,actual_top20,15,Carlos Rodríguez,INEOS Grenadiers,15.0,9,2.607956826686859,rank_6_10,top5,True,1,1,2.1,0.7923939228057861,0.8664154410362244,0.9491474628448486,0,0,1
tour-de-france_2025_ST16,16,thinking_medium_roc_auc,TabPFNClassifier | variant=thinking_medium_roc_auc | score=score_topk_raw_sum,TabPFNClassifier,optional_final_comparison_variant,"{""average_before_softmax"": true, ""balance_probabilities"": true, ""n_estimators"": 4, ""softmax_temperature"": 0.8}",score_topk_raw_sum,p_top5_raw + p_top10_raw + p_top20_raw,actual_top20,16,Alex Aranburu,Cofidis,16.0,18,2.0701865553855896,rank_11_20,top5,False,1,0,2.1,0.519051194190979,0.7872747778892517,0.7638605833053589,0,0,1
tour-de-france_2025_ST16,16,thinking_medium_roc_auc,TabPFNClassifier | variant=thinking_medium_roc_auc | score=score_topk_raw_sum,TabPFNClassifier,optional_final_comparison_variant,"{""average_before_softmax"": true, ""balance_probabilities"": true, ""n_estimators"": 4, ""softmax_temperature"": 0.8}",score_topk_raw_sum,p_top5_raw + p_top10_raw + p_top20_raw,actual_top20,17,Felix Gall,Decathlon AG2R La Mondiale Team,17.0,41,1.248193472623825,outside_top20,outside_top20,False,1,0,2.1,0.3716991245746612,0.4742465317249298,0.402247816324234,0,0,1
tour-de-france_2025_ST16,16,thinking_medium_roc_auc,TabPFNClassifier | variant=thinking_medium_roc_auc | score=score_topk_raw_sum,TabPFNClassifier,optional_final_comparison_variant,"{""average_before_softmax"": true, ""balance_probabilities"": true, ""n_estimators"": 4, ""softmax_temperature"": 0.8}",score_topk_raw_sum,p_top5_raw + p_top10_raw + p_top20_raw,actual_top20,18,Adam Yates,UAE Team Emirates - XRG,18.0,8,2.666518211364746,rank_6_10,top5,True,1,1,2.1,0.7987179756164551,0.9168038368225098,0.9509963989257812,0,0,1
tour-de-france_2025_ST16,16,thinking_medium_roc_auc,TabPFNClassifier | variant=thinking_medium_roc_auc | score=score_topk_raw_sum,TabPFNClassifier,optional_final_comparison_variant,"{""average_before_softmax"": true, ""balance_probabilities"": true, ""n_estimators"": 4, ""softmax_temperature"": 0.8}",score_topk_raw_sum,p_top5_raw + p_top10_raw + p_top20_raw,actual_top20,19,Raúl García Pierna,Arkéa - B&B Hotels,19.0,141,0.1130361631512641,outside_top20,outside_top20,False,0,0,2.1,0.0484427697956562,0.0376694127917289,0.026923980563879,0,0,1
tour-de-france_2025_ST16,16,thinking_medium_roc_auc,TabPFNClassifier | variant=thinking_medium_roc_auc | score=score_topk_raw_sum,TabPFNClassifier,optional_final_comparison_variant,"{""average_before_softmax"": true, ""balance_probabilities"": true, ""n_estimators"": 4, ""softmax_temperature"": 0.8}",score_topk_raw_sum,p_top5_raw + p_top10_raw + p_top20_raw,actual_top20,20,Kévin Vauquelin,Arkéa - B&B Hotels,20.0,122,0.23273826390504831,outside_top20,outside_top20,False,0,0,2.1,0.1298635900020599,0.0849512442946434,0.017923429608345,0,0,1
